time,latitude,longitude,depth,mag
2017-01-01T10:20:10.700Z,-29.992,-71.8472,17.78,3.9
2017-01-01T07:50:21.380Z,-29.995,-71.7813,40.36,4.3
2017-01-01T03:25:38.490Z,-29.6335,-71.3277,42.3,4.1
2016-12-26T01:34:34.240Z,-32.1807,-72.3683,24.92,4
2016-12-24T00:50:40.320Z,-29.6391,-71.7209,35,4.1
2016-12-19T15:36:46.930Z,-30.767,-71.4801,35.06,4.9
2016-12-19T05:19:33.050Z,-29.9115,-71.8095,22.14,3.8
2016-12-18T16:25:11.000Z,-31.736,-71.254,54.4,4
2016-12-17T08:06:55.570Z,-30.2568,-71.5685,34.3,4.1
2016-12-16T23:56:38.850Z,-30.3845,-71.6986,35,4
2016-12-16T23:11:43.220Z,-30.4233,-71.6189,35.61,5.2
2016-12-13T21:06:40.000Z,-30.439,-71.624,30.7,4.1
2016-12-12T06:58:18.260Z,-29.694,-71.4479,43.22,3.9
2016-12-12T04:45:39.850Z,-32.623,-71.3997,35.67,3.8
2016-12-12T01:40:25.010Z,-30.9368,-71.4241,49.94,4.8
2016-12-09T15:09:51.050Z,-31.524,-71.6302,51.9,4.4
2016-12-08T20:44:34.930Z,-31.4901,-71.6604,33.53,4.9
2016-12-08T20:42:36.000Z,-31.548,-71.798,41.2,5.2
2016-12-08T05:42:58.900Z,-31.6268,-71.9176,10,4.4
2016-12-03T04:30:58.700Z,-32.178,-71.9788,22.54,4.7
2016-12-02T03:49:57.840Z,-30.9055,-71.5411,50.6,4.4
2016-11-27T00:54:55.790Z,-30.3147,-72.2933,10,4.5
2016-11-27T00:31:23.640Z,-30.3229,-72.2299,11.22,4.3
2016-11-25T14:14:58.680Z,-31.8605,-71.86,6.23,4.3
2016-11-23T16:43:33.230Z,-29.8481,-71.4727,48.25,4.2
2016-11-17T00:24:04.530Z,-32.8657,-69.1676,10,3.9
2016-11-14T10:11:29.870Z,-30.0252,-71.7054,28.86,4.4
2016-11-13T17:43:28.540Z,-31.688,-71.5981,48.3,4.2
2016-11-11T03:16:54.220Z,-30.1153,-72.1214,31.35,4
2016-11-11T00:11:05.940Z,-32.1282,-71.8286,20.22,3.9
2016-11-03T02:17:06.000Z,-31.501,-71.66,42.2,3.9
2016-10-31T21:04:52.230Z,-29.8482,-72.152,7.73,4.5
2016-10-31T02:15:11.090Z,-31.8266,-71.6925,19.48,4.3
2016-10-30T04:01:03.000Z,-31.2222,-71.8622,19.23,3.9
2016-10-29T11:57:40.000Z,-30.482,-71.546,22.4,4.3
2016-10-23T06:09:17.030Z,-30.8752,-71.5334,36.94,4
2016-10-21T19:02:32.720Z,-30.7072,-71.4771,42.26,4.3
2016-10-16T08:37:50.900Z,-30.6239,-71.5987,31.86,4.2
2016-10-15T13:03:44.470Z,-32.8439,-69.1568,10,3.5
2016-10-12T01:59:21.930Z,-30.695,-71.53,38.44,4.9
2016-10-10T12:21:19.630Z,-30.4219,-72.0999,17.65,4
2016-10-08T17:27:22.020Z,-29.6267,-72.1482,15.39,4.1
2016-10-08T04:43:47.110Z,-29.4096,-71.2357,49.84,4.2
2016-10-05T07:22:39.400Z,-30.6786,-71.456,39.76,4
2016-10-01T11:25:11.000Z,-32.078,-71.709,16.3,4.6
2016-10-01T10:25:57.270Z,-29.625,-72.0474,10,4.8
2016-09-25T04:54:36.960Z,-32.0574,-71.9229,41.86,4
2016-09-25T01:23:48.250Z,-30.3432,-71.7837,30.32,4.6
2016-09-24T20:07:18.350Z,-32.636,-71.6599,17.72,3.9
2016-09-24T02:56:14.350Z,-29.8407,-71.6931,29.74,3.7
2016-09-21T22:04:50.700Z,-31.7533,-70.633,10,4.7
2016-09-20T10:22:58.780Z,-30.7002,-71.4632,47.54,4.2
2016-09-18T16:06:58.000Z,-30.663,-71.372,50.5,4.1
2016-09-13T10:14:16.000Z,-30.688,-71.254,47.2,4.2
2016-09-13T10:00:54.550Z,-31.5715,-72.0042,35,3.8
2016-09-13T08:28:55.970Z,-30.3889,-72.0973,14.08,4.2
2016-09-09T01:01:19.150Z,-30.6434,-71.7846,42.47,4.3
2016-09-08T13:59:06.090Z,-30.4545,-72.2593,10,4.4
2016-09-07T22:54:32.590Z,-32.3206,-71.6197,30.49,4.9
2016-09-02T13:03:29.110Z,-32.1223,-72.0869,7.58,4.3
2016-08-29T04:04:38.170Z,-30.6643,-71.3861,49.06,4.3
2016-08-27T19:36:08.080Z,-32.7701,-71.7105,27.82,4.4
2016-08-26T21:00:48.570Z,-29.6023,-72.1041,10,4
2016-08-23T11:57:29.220Z,-30.3317,-72.3613,9.21,4.4
2016-08-19T03:35:26.040Z,-30.623,-71.5614,26.75,4.1
2016-08-16T09:27:28.870Z,-29.8447,-71.6323,24.06,4
2016-08-13T14:21:45.640Z,-32.4071,-71.8054,35,3.8
2016-08-10T17:37:07.000Z,-30.747,-71.407,46.2,4.6
2016-08-10T06:43:40.130Z,-31.9631,-71.6571,31.89,4.5
2016-08-09T17:56:13.460Z,-31.7338,-72.214,17.56,4.5
2016-08-08T12:24:32.820Z,-31.5865,-71.6537,29.95,5
2016-08-08T04:19:42.890Z,-31.717,-72.3278,10,4
2016-08-06T10:05:22.480Z,-31.7628,-72.2635,10,4.3
2016-08-03T03:01:26.630Z,-29.6437,-72.0621,29.29,4.3
2016-07-30T09:38:40.020Z,-30.5515,-72.0131,18.18,4.2
2016-07-29T16:52:15.540Z,-31.5503,-71.5508,42.34,4.6
2016-07-29T14:45:08.940Z,-30.3887,-72.1034,18.16,4.4
2016-07-29T07:35:35.420Z,-31.7257,-71.8636,32.03,4.3
2016-07-28T00:34:20.660Z,-30.3675,-71.6354,27.62,4.3
2016-07-26T23:00:21.700Z,-32.633,-71.8415,16.35,4.8
2016-07-25T14:59:29.550Z,-30.8276,-71.5075,41.69,4.7
2016-07-25T04:21:16.000Z,-30.707,-71.346,51.1,4.2
2016-07-23T14:18:20.490Z,-31.1753,-71.9182,35,4.1
2016-07-22T19:45:46.620Z,-30.6931,-71.7287,33.88,4.2
2016-07-19T07:59:48.660Z,-30.1461,-72.1675,8.34,4.6
2016-07-19T05:18:40.260Z,-30.2523,-71.9722,8.01,5.8
2016-07-19T04:33:49.830Z,-30.6216,-71.5736,22.55,4
2016-07-18T13:58:19.170Z,-30.7067,-71.852,25.5,4.8
2016-07-18T08:59:43.390Z,-30.3561,-71.8616,35,5
2016-07-18T02:58:50.040Z,-30.7537,-71.7935,23.97,5.2
2016-07-18T01:13:14.520Z,-30.8154,-71.5824,24.22,4.5
2016-07-14T06:48:59.780Z,-31.7306,-71.4545,43.45,4.3
2016-07-13T14:41:56.970Z,-30.6202,-71.284,42.31,4.2
2016-07-11T16:15:58.560Z,-29.8653,-72.1306,7.65,4.7
2016-07-11T13:27:36.620Z,-30.6879,-71.4136,48.82,4.9
2016-07-07T21:54:06.000Z,-30.5704,-71.5705,41.03,4.1
2016-07-06T23:56:28.540Z,-30.3666,-71.5699,35.17,4.5
2016-07-05T09:53:07.030Z,-30.4051,-71.7752,26.31,4
2016-07-04T00:13:03.830Z,-31.4434,-71.5559,44.03,4.6
2016-07-01T22:20:08.090Z,-30.8029,-71.4833,38.19,4.6
2016-06-29T03:54:21.610Z,-30.1243,-72.0619,12.13,4.4
2016-06-28T23:07:29.330Z,-30.361,-71.692,29.47,4.8
2016-06-28T11:18:51.470Z,-31.6801,-72.2192,22.34,4.3
2016-06-28T10:37:36.350Z,-31.7328,-72.2292,10,4.1
2016-06-27T12:51:13.180Z,-31.7806,-71.4198,45.67,5
2016-06-26T22:52:16.570Z,-30.5862,-71.6757,24.91,4.2
2016-06-25T10:47:31.890Z,-31.7063,-72.215,10,4.3
2016-06-25T00:47:28.510Z,-31.5343,-71.5511,40.2,4.4
2016-06-22T09:58:38.300Z,-31.2096,-72.2674,15.45,4.1
2016-06-22T03:54:40.610Z,-30.6352,-71.6921,26.01,5.1
2016-06-22T03:54:32.160Z,-30.5947,-71.7239,22.65,4.4
2016-06-20T11:08:10.850Z,-31.5664,-72.019,19.65,4
2016-06-20T01:31:21.130Z,-30.2206,-72.0643,10,4.2
2016-06-19T20:55:03.800Z,-30.9997,-71.8308,35,4.1
2016-06-19T00:01:07.000Z,-30.46,-71.643,25,4.1
2016-06-17T06:38:25.680Z,-30.661,-71.7577,30,4.8
2016-06-17T03:48:38.690Z,-30.0617,-71.5824,33.79,4.5
2016-06-16T01:14:45.440Z,-30.6707,-71.3203,58.41,4.7
2016-06-14T23:05:19.690Z,-32.273,-72.0251,10,3.9
2016-06-14T11:43:24.300Z,-30.1495,-71.6555,34.13,4.3
2016-06-11T13:44:59.130Z,-30.2466,-71.6035,35,4.3
2016-06-08T19:12:46.290Z,-30.0208,-72.0311,8.1,4.3
2016-06-08T11:37:19.180Z,-30.1008,-71.5626,26.67,3.8
2016-06-08T10:53:30.060Z,-31.5449,-71.7786,14.49,4.2
2016-06-07T07:06:46.440Z,-31.047,-71.9128,19.53,3.9
2016-06-06T13:21:59.190Z,-30.069,-71.5238,29.5,5.4
2016-06-06T13:16:02.220Z,-30.0433,-71.4636,28.31,5.5
2016-06-06T06:53:10.980Z,-31.9965,-71.636,34.95,4.3
2016-06-05T09:30:52.680Z,-29.2922,-72.0074,35,4
2016-06-05T05:51:11.550Z,-29.3424,-71.8594,28,5.8
2016-06-04T22:19:05.490Z,-31.5964,-71.5236,45.18,4.3
2016-06-03T20:47:12.000Z,-31.466,-71.72,25.1,4
2016-06-03T00:16:15.400Z,-30.0499,-71.6387,38.94,3.9
2016-06-01T21:47:56.030Z,-30.1057,-72.2256,10,4.1
2016-05-30T12:41:55.940Z,-31.6518,-71.4394,56,4.7
2016-05-30T05:59:01.090Z,-32.2672,-71.8,25.9,4
2016-05-29T23:17:51.090Z,-31.7586,-72.295,35,4.4
2016-05-27T17:48:34.470Z,-31.092,-71.6953,26.01,4
2016-05-26T20:36:50.530Z,-29.943,-71.8753,17,4.8
2016-05-23T12:39:35.970Z,-32.0722,-71.9,10.54,4.4
2016-05-22T11:47:09.110Z,-30.6111,-71.6884,25.77,5.1
2016-05-20T15:00:59.000Z,-31.83,-72.3,30,4.2
2016-05-20T08:29:43.850Z,-31.8308,-72.1706,10,4.3
2016-05-19T19:25:52.040Z,-31.8385,-72.1155,10,4.4
2016-05-19T18:28:33.970Z,-30.712,-71.4365,45.6,4.6
2016-05-19T04:32:44.990Z,-32.942,-69.015,35.62,3.4
2016-05-18T21:04:13.260Z,-30.6136,-71.8031,28.76,4.2
2016-05-17T07:11:30.580Z,-31.2962,-71.8318,19.47,4.4
2016-05-12T18:03:50.610Z,-30.5813,-71.7987,26.64,4.3
2016-05-11T22:41:55.350Z,-29.8611,-71.4947,44.65,4.1
2016-05-11T13:11:34.020Z,-30.663,-71.7475,24.68,5.4
2016-05-10T00:16:06.970Z,-32.3235,-71.7497,56.25,4.2
2016-05-09T11:18:20.000Z,-32.583,-71.847,24,4.2
2016-05-08T10:33:12.250Z,-32.7579,-71.4873,32.7,4.4
2016-05-07T12:39:49.620Z,-30.2834,-71.9945,23.37,4.4
2016-05-06T16:15:42.000Z,-30.44,-71.26,31,3.9
2016-05-06T08:51:32.870Z,-30.4138,-71.4019,49.54,4.4
2016-05-02T02:03:31.180Z,-32.7551,-69.1335,32.71,4.4
2016-05-01T08:55:52.430Z,-30.3253,-72.1544,10,4.2
2016-05-01T04:24:26.210Z,-30.2815,-72.2059,10,4.2
2016-05-01T01:15:43.000Z,-32.5969,-71.826,18.65,3.6
2016-04-30T10:31:57.880Z,-30.0668,-72.6608,10,4.2
2016-04-30T06:36:25.340Z,-30.0378,-72.6926,10,4.5
2016-04-30T02:49:06.790Z,-29.7636,-72.0392,10,4.8
2016-04-28T08:40:15.980Z,-31.844,-72.0319,16.52,4.1
2016-04-28T00:56:05.660Z,-32.293,-71.8885,22.3,3.9
2016-04-26T10:54:19.840Z,-31.7638,-72.0773,10,3.9
2016-04-25T22:20:49.210Z,-30.9416,-71.7672,23.02,4.6
2016-04-25T15:35:47.950Z,-32.1655,-71.9635,14.03,4.3
2016-04-25T14:01:46.490Z,-32.1461,-71.9091,22.32,4.6
2016-04-20T00:46:43.070Z,-30.4109,-71.704,23.39,3.7
2016-04-19T16:37:19.490Z,-30.6799,-71.818,25,4.5
2016-04-18T14:54:55.000Z,-32.602,-71.37,45.7,3.7
2016-04-18T11:38:38.680Z,-31.7266,-71.2874,42.04,5.2
2016-04-18T07:01:14.460Z,-32.4499,-71.4834,27.51,4.3
2016-04-18T04:25:59.510Z,-29.5172,-71.0155,39.74,4.5
2016-04-17T19:24:42.400Z,-31.4575,-71.8838,35,4.2
2016-04-17T14:59:45.190Z,-30.7527,-71.4614,40.03,4.9
2016-04-17T13:09:47.000Z,-30.33,-71.624,24.7,3.7
2016-04-15T04:27:56.470Z,-32.1568,-71.8144,19.99,4.8
2016-04-14T17:44:55.370Z,-32.1303,-71.7922,18.09,4.6
2016-04-12T22:16:26.260Z,-29.8591,-72.1168,11.52,4.2
2016-04-10T18:10:57.240Z,-31.4915,-71.7921,35,4.6
2016-04-10T13:09:47.200Z,-31.0384,-72.1033,10,4.3
2016-04-10T01:45:09.060Z,-30.7166,-71.5161,43.29,3.9
2016-04-09T17:30:03.000Z,-30.656,-71.757,33.3,3.8
2016-04-09T05:49:16.000Z,-30.2576,-71.663,29.82,4.1
2016-04-06T17:35:38.680Z,-31.4832,-71.7832,29.74,5.3
2016-04-04T23:12:17.820Z,-30.8272,-71.4612,45.55,4.3
2016-04-04T12:32:45.000Z,-31.2367,-71.77,24.36,5.3
2016-04-03T01:06:46.600Z,-29.6434,-72.8339,10,4.3
2016-04-02T15:13:31.170Z,-29.6778,-71.3214,35,4
2016-04-01T02:40:18.000Z,-30.64,-71.688,42.3,4.2
2016-03-29T22:02:40.050Z,-30.4111,-72.0408,12.52,4
2016-03-29T03:36:54.400Z,-30.6139,-71.6098,27.06,4
2016-03-27T00:27:54.950Z,-30.4191,-71.6968,29.7,4.3
2016-03-26T08:56:31.110Z,-30.7159,-71.5051,38.1,4.5
2016-03-26T04:45:41.420Z,-31.7452,-72.104,13.33,4.1
2016-03-25T08:03:19.960Z,-30.688,-71.5356,29.62,4.8
2016-03-24T22:14:37.940Z,-30.3936,-71.6946,28.06,3.8
2016-03-23T13:14:06.900Z,-30.3349,-71.7081,24.4,4.5
2016-03-23T00:38:00.450Z,-31.7694,-71.4177,42.73,4.6
2016-03-21T15:51:17.530Z,-30.5547,-72.0661,3.19,4.4
2016-03-20T23:23:10.370Z,-31.4506,-71.7766,29.28,4.5
2016-03-20T22:30:22.110Z,-31.7153,-71.3416,51.96,4.3
2016-03-20T20:01:55.320Z,-30.6272,-71.5653,35,4.3
2016-03-19T12:24:07.510Z,-30.6487,-71.6113,27.95,4.7
2016-03-16T13:41:34.150Z,-31.0149,-71.3309,24.68,4.6
2016-03-16T04:06:58.670Z,-31.2361,-71.7993,35.48,4.2
2016-03-16T03:59:42.900Z,-31.2338,-71.8383,25.48,4.4
2016-03-16T03:49:32.850Z,-31.241,-71.7314,25.41,5.3
2016-03-15T11:44:44.670Z,-30.1776,-71.9575,21.79,4.5
2016-03-15T04:41:20.990Z,-31.4589,-71.7462,40.51,4.3
2016-03-14T13:21:53.000Z,-30.722,-71.631,33.7,4.5
2016-03-14T10:26:19.580Z,-32.2454,-71.8153,27.64,4.6
2016-03-14T01:09:45.620Z,-32.6096,-71.6967,30.64,3.9
2016-03-12T16:05:15.180Z,-30.2495,-71.6502,36.83,5.1
2016-03-09T13:28:11.870Z,-30.4412,-71.3451,49.66,4.8
2016-03-09T09:40:47.840Z,-30.7239,-71.3877,41.42,4.2
2016-03-08T01:27:48.980Z,-31.781,-71.4149,43.72,4.1
2016-03-03T13:47:16.350Z,-30.0763,-71.4726,35,4.2
2016-03-03T02:29:30.390Z,-29.9579,-72.0334,15.2,4.3
2016-03-01T23:03:37.760Z,-31.795,-72.1835,19.86,4
2016-03-01T09:15:30.910Z,-30.6321,-71.7533,40.98,4
2016-02-29T17:17:01.660Z,-31.5464,-72.2444,10,4.2
2016-02-26T23:34:06.510Z,-30.8496,-72.7285,4.22,3.7
2016-02-25T18:46:51.430Z,-31.475,-71.7264,21.87,3.9
2016-02-25T11:49:13.140Z,-30.7743,-71.6978,30.25,4.3
2016-02-25T11:27:54.270Z,-30.7875,-71.493,37.16,4.8
2016-02-24T19:09:57.640Z,-29.9287,-71.8335,15.23,4.6
2016-02-24T17:02:04.630Z,-29.9603,-71.6703,24.02,4.6
2016-02-24T02:32:58.280Z,-31.1462,-71.5434,43.29,4
2016-02-23T09:50:56.000Z,-30.662,-71.444,48.7,4
2016-02-22T21:53:52.560Z,-31.6733,-72.0838,6.2,4.1
2016-02-22T18:46:57.010Z,-30.3723,-72.0594,16.6,3.7
2016-02-22T09:39:10.000Z,-30.635,-71.585,29.1,4
2016-02-22T07:01:15.630Z,-30.4622,-72.2211,10,4.5
2016-02-22T06:36:59.400Z,-30.4242,-72.2967,12,6
2016-02-20T05:19:43.420Z,-30.7255,-71.6378,35.52,4.3
2016-02-19T09:26:09.540Z,-31.1107,-72.9461,10,4.6
2016-02-19T05:33:08.350Z,-30.5929,-71.5928,23.62,4.9
2016-02-18T03:52:05.310Z,-30.3878,-71.7109,22.59,4.1
2016-02-18T01:32:31.210Z,-30.5832,-71.4573,50.77,4.6
2016-02-17T15:22:31.220Z,-30.5191,-72.0981,11.26,4.3
2016-02-17T10:54:11.240Z,-31.2139,-71.6783,36.24,4.8
2016-02-16T16:50:52.130Z,-30.2324,-71.3495,46.54,4.3
2016-02-16T15:49:34.870Z,-30.4432,-72.0521,18.17,4.2
2016-02-12T21:43:15.000Z,-31.724,-71.314,55.1,4.3
2016-02-12T03:51:44.690Z,-30.6297,-71.5236,33.2,4
2016-02-10T13:15:01.250Z,-30.596,-71.8238,28.09,4.4
2016-02-10T07:25:39.780Z,-30.5747,-71.6581,29.44,4.4
2016-02-10T01:14:06.380Z,-30.676,-71.6542,33.84,5.1
2016-02-10T01:04:36.970Z,-30.633,-71.5663,29.69,4.8
2016-02-10T00:59:55.990Z,-30.6031,-71.6034,21.41,4.7
2016-02-10T00:52:58.220Z,-30.6644,-71.5828,30.3,4.8
2016-02-10T00:47:09.280Z,-30.5812,-71.6663,28.79,5
2016-02-10T00:33:05.340Z,-30.5723,-71.5838,29,6.3
2016-02-08T23:45:59.230Z,-32.113,-71.9392,23.7,3.9
2016-02-08T12:13:19.430Z,-32.0748,-71.9768,22.43,4.3
2016-02-07T02:49:34.730Z,-31.7876,-72.1566,11.93,4.4
2016-02-05T05:28:08.110Z,-31.0741,-71.6711,23.7,5.1
2016-02-05T05:24:40.500Z,-31.0793,-71.7851,24.66,5
2016-02-04T17:59:58.640Z,-31.0669,-71.7512,26.98,4.6
2016-02-04T17:55:00.740Z,-31.0531,-71.7082,25.27,4.9
2016-02-03T17:20:55.500Z,-30.6222,-72.0518,10,4.4
2016-02-03T16:08:29.580Z,-29.6306,-72.0924,10,4.3
2016-02-01T03:19:44.540Z,-30.6643,-71.2964,44.71,3.7
2016-01-30T10:02:44.530Z,-29.4442,-71.9467,10,4.1
2016-01-30T09:27:15.940Z,-30.1801,-71.6291,23.34,4.3
2016-01-29T20:07:15.100Z,-30.3325,-71.6327,35.78,5.2
2016-01-27T15:09:03.660Z,-32.6601,-71.7625,24.04,4.2
2016-01-27T13:16:35.900Z,-30.6312,-71.6147,28.05,4.5
2016-01-26T09:08:55.020Z,-30.1613,-71.898,14.81,4.5
2016-01-26T01:35:14.310Z,-30.7429,-71.4603,38.41,4.5
2016-01-26T00:19:10.020Z,-32.5866,-71.8378,7.75,4.8
2016-01-25T04:35:57.970Z,-31.6922,-72.1202,15.16,4.5
2016-01-21T13:36:09.800Z,-30.3896,-71.5533,42.32,4.2
2016-01-21T06:07:02.290Z,-30.5467,-71.2939,56.11,4.2
2016-01-20T07:24:50.730Z,-30.5749,-71.6757,29.27,4.5
2016-01-19T21:45:27.990Z,-30.4423,-71.6339,28.45,4
2016-01-16T20:36:40.000Z,-31.251,-71.747,29.2,4.2
2016-01-12T19:01:53.600Z,-30.6525,-71.6078,32.3,4.1
2016-01-11T21:16:34.270Z,-31.2248,-71.7032,29.4,4.1
2016-01-10T23:01:50.840Z,-30.5973,-71.596,33.67,3.9
2016-01-10T13:33:35.760Z,-31.3272,-71.7545,26.22,5
2016-01-08T03:11:28.000Z,-29.644,-72.1303,4.53,4.6
2016-01-08T03:00:54.330Z,-30.5538,-71.6456,27.1,4.2
2016-01-08T01:39:13.600Z,-30.6031,-71.8121,10.31,4.3
2016-01-08T01:12:01.020Z,-30.664,-71.6383,24.03,5.7
2016-01-07T02:09:43.600Z,-30.6311,-71.6563,30.28,4.5
2016-01-06T05:10:23.000Z,-32.201,-71.686,27,4
2016-01-04T15:16:11.150Z,-30.8671,-71.8947,28.5,4.3
2016-01-03T17:02:23.810Z,-29.3798,-72.0044,10,4.1
2016-01-03T11:04:33.550Z,-32.9464,-69.2749,10,4.5
2016-01-02T14:15:44.700Z,-30.4197,-72.2837,10,4.5
2016-01-01T06:03:32.400Z,-31.5182,-71.5358,30.65,4.4
2016-01-01T05:46:17.430Z,-30.9008,-71.7693,7.13,4.4
2015-12-30T21:29:23.040Z,-30.6777,-71.7346,25.62,4.5
2015-12-28T14:36:45.590Z,-29.3156,-71.9115,10,4.5
2015-12-28T02:08:24.560Z,-29.8492,-72.1265,10,4.3
2015-12-27T23:47:10.410Z,-31.7689,-71.7135,37.7,4.4
2015-12-27T16:13:51.380Z,-30.6909,-71.3253,48.92,4
2015-12-27T10:57:28.930Z,-31.6748,-72.0488,35,4.1
2015-12-26T23:50:30.210Z,-31.759,-72.0813,10,4.1
2015-12-26T20:43:07.100Z,-31.6969,-72.1583,10,3.8
2015-12-26T18:53:22.570Z,-31.7507,-72.1352,9.97,4.2
2015-12-26T17:59:37.100Z,-31.7548,-72.0692,10,4.6
2015-12-26T17:58:08.250Z,-31.7499,-72.1791,11.66,5
2015-12-25T20:11:17.600Z,-32.3384,-72.099,8.8,4.4
2015-12-25T15:11:49.920Z,-30.6116,-71.3954,35,4.5
2015-12-25T09:19:42.260Z,-31.7532,-71.9375,35,3.8
2015-12-25T04:02:24.670Z,-32.324,-71.9565,3.12,4.1
2015-12-25T02:39:29.370Z,-31.7819,-72.2358,24.07,4.1
2015-12-23T09:15:38.010Z,-31.0463,-71.4404,44.27,4.6
2015-12-23T01:40:04.700Z,-32.7027,-71.7522,23.36,4.3
2015-12-22T18:46:40.100Z,-30.8031,-71.2966,53.46,4.2
2015-12-21T17:04:52.530Z,-31.5182,-71.5963,42.98,4.5
2015-12-19T19:25:05.560Z,-30.6053,-71.3057,48.34,5.8
2015-12-18T02:34:37.030Z,-30.5744,-71.6532,30.12,4.1
2015-12-17T22:56:17.940Z,-30.5969,-71.6546,32.88,4.1
2015-12-17T22:02:34.460Z,-31.4683,-71.886,28.43,4
2015-12-17T15:44:06.590Z,-30.5243,-72.0978,10,4.4
2015-12-17T06:55:57.000Z,-30.382,-71.682,25.1,4
2015-12-17T04:18:59.300Z,-30.7809,-71.4062,46.58,4.2
2015-12-15T20:37:57.660Z,-30.7846,-71.5554,35.47,4.4
2015-12-15T04:51:03.760Z,-29.3623,-71.997,10.31,4.3
2015-12-15T04:22:57.240Z,-30.6318,-71.8964,19.78,4
2015-12-14T09:12:17.240Z,-30.3784,-72.1819,10,4.5
2015-12-13T17:31:07.690Z,-30.5592,-72.0787,10,4.8
2015-12-13T14:35:42.420Z,-29.6555,-71.9723,10,4.3
2015-12-13T14:25:44.000Z,-30.358,-72.087,13.2,4.1
2015-12-13T12:08:29.000Z,-30.632,-71.606,32.1,4
2015-12-13T01:17:39.890Z,-31.6932,-72.0804,10.42,4.1
2015-12-12T20:49:36.290Z,-30.6938,-71.6559,33.64,4.2
2015-12-12T10:09:01.570Z,-31.6797,-72.0767,10,4.1
2015-12-12T04:42:53.560Z,-31.2028,-72.5979,2.92,4.4
2015-12-11T00:18:36.380Z,-30.4187,-72.0991,11.75,4.1
2015-12-10T00:37:38.110Z,-30.9939,-71.3675,48.96,4.4
2015-12-09T09:14:02.660Z,-30.7062,-71.8553,22.36,4.3
2015-12-09T01:11:42.640Z,-30.8546,-71.6297,28.71,4.4
2015-12-08T13:32:48.840Z,-30.7896,-71.9237,27.29,4.2
2015-12-08T12:56:07.420Z,-30.8096,-71.7519,25,5.6
2015-12-07T17:41:15.660Z,-30.3182,-72.1696,12.58,4.6
2015-12-07T07:51:11.430Z,-31.3985,-71.2624,49.53,5.5
2015-12-06T17:55:29.460Z,-31.4714,-71.8968,35,4.4
2015-12-05T14:55:04.180Z,-30.6856,-71.6306,52.31,4
2015-12-04T08:44:38.670Z,-30.7788,-71.4814,45.13,4.4
2015-12-04T04:56:17.430Z,-30.5429,-72.1165,14.46,4.2
2015-12-03T14:48:15.580Z,-30.4703,-72.348,10,4.4
2015-12-03T13:54:11.590Z,-31.7826,-72.2858,10,4.2
2015-12-03T11:36:10.260Z,-30.8689,-71.9464,40.06,4.2
2015-12-03T08:32:46.130Z,-29.7522,-71.671,34.82,4.5
2015-12-03T03:56:47.080Z,-30.1932,-72.169,10,4.2
2015-12-03T00:25:19.270Z,-31.6172,-71.9843,33.69,4.2
2015-12-02T22:05:32.760Z,-30.4619,-72.1173,6.46,4.2
2015-12-02T09:38:27.990Z,-30.3944,-72.1107,10,4.8
2015-12-01T15:31:33.200Z,-30.4034,-71.7418,23.28,4.1
2015-12-01T14:29:22.540Z,-30.5917,-71.6989,32.48,4.2
2015-12-01T12:08:33.530Z,-30.2953,-71.5711,35.44,4.7
2015-12-01T07:26:14.130Z,-31.6011,-71.4825,40.19,4.7
2015-12-01T03:04:03.790Z,-30.4672,-71.6938,30.91,4.1
2015-11-29T00:47:50.000Z,-30.342,-71.543,17.4,4.3
2015-11-28T06:08:34.740Z,-30.6695,-71.8028,22.15,4.5
2015-11-28T05:44:40.060Z,-30.3688,-72.151,10,5.6
2015-11-27T19:51:29.810Z,-29.6421,-72.9361,10,4.6
2015-11-27T08:31:29.150Z,-30.8156,-72.7218,10,4.2
2015-11-26T05:08:28.540Z,-30.7087,-71.8849,25.13,4
2015-11-25T20:57:58.930Z,-29.4391,-72.1716,10,4.6
2015-11-25T19:55:54.090Z,-29.333,-72.1205,10,4.3
2015-11-25T15:37:23.200Z,-32.9456,-69.0229,29.65,3.6
2015-11-24T23:42:07.020Z,-31.7262,-71.9113,15.42,4.7
2015-11-24T21:19:56.120Z,-31.8698,-72.1952,10,4.6
2015-11-24T11:21:03.130Z,-31.8636,-72.2236,11.06,4.2
2015-11-24T09:14:15.800Z,-31.8014,-72.1266,10.13,5
2015-11-24T04:46:58.770Z,-31.8578,-72.1858,3.45,4.2
2015-11-23T04:37:48.020Z,-31.5274,-71.9238,24.05,4
2015-11-22T12:49:02.310Z,-30.726,-71.4439,53.73,4.3
2015-11-22T07:59:50.010Z,-31.1315,-72.7697,10,4.6
2015-11-22T05:57:37.430Z,-30.3684,-71.9595,10,4.7
2015-11-22T03:01:26.900Z,-30.5744,-71.9313,22.88,4.4
2015-11-21T23:05:30.650Z,-30.5754,-71.7676,27,5.8
2015-11-21T22:16:58.540Z,-30.5832,-71.7921,27.06,4.4
2015-11-21T22:12:35.960Z,-30.5535,-71.8274,22.97,4.1
2015-11-21T19:37:58.380Z,-31.549,-71.7297,30.09,4.3
2015-11-21T19:22:22.430Z,-30.3293,-71.6214,29.57,3.8
2015-11-19T22:52:41.950Z,-29.6939,-72.3326,10,3.9
2015-11-19T20:29:29.860Z,-31.0765,-72.029,24.11,4.1
2015-11-19T14:31:08.840Z,-31.3089,-72.5794,10,4.4
2015-11-19T07:47:27.390Z,-30.3513,-72.1178,8.21,4.5
2015-11-19T05:02:24.780Z,-30.2381,-71.6489,27.86,4.1
2015-11-17T13:16:27.910Z,-30.6883,-71.4926,48.58,4.1
2015-11-17T10:57:26.200Z,-31.7637,-71.9308,32.25,4.2
2015-11-16T20:52:19.700Z,-30.2895,-72.0155,7.8,4.6
2015-11-16T16:46:00.250Z,-29.918,-72.1274,10,4.3
2015-11-16T15:15:29.790Z,-31.8378,-72.0461,10,4.1
2015-11-16T09:57:07.420Z,-30.6151,-71.4087,50.33,4.4
2015-11-16T02:32:03.310Z,-30.8563,-71.7415,36.83,4.3
2015-11-16T01:57:10.720Z,-31.5763,-71.4818,37.57,4.3
2015-11-15T23:29:44.600Z,-29.5394,-71.9808,14.09,3.9
2015-11-15T17:02:53.690Z,-29.7843,-72.051,10,4.3
2015-11-14T21:49:09.830Z,-29.4877,-71.9665,17.05,4.3
2015-11-14T14:54:54.040Z,-29.3653,-71.9329,35,4.3
2015-11-14T12:58:19.000Z,-30.74,-71.413,43.9,4.4
2015-11-14T07:43:07.470Z,-29.5687,-72.0999,10.05,4.4
2015-11-13T20:28:20.430Z,-29.7544,-72.0039,17.52,4.3
2015-11-13T14:36:52.140Z,-29.5936,-72.3231,10,4.4
2015-11-13T03:27:04.990Z,-30.0834,-72.0009,13.13,4.4
2015-11-12T16:01:14.240Z,-29.4679,-71.9908,12.43,3.9
2015-11-12T14:45:30.620Z,-30.1103,-72.1805,10,4.3
2015-11-12T06:53:50.120Z,-29.5478,-72.1065,10,4.4
2015-11-12T05:54:12.730Z,-32.6859,-71.8233,18.8,4.4
2015-11-12T03:31:43.280Z,-30.5365,-72.0437,10,4.1
2015-11-11T21:11:42.740Z,-31.0026,-71.8468,19.76,4.2
2015-11-11T18:33:42.060Z,-29.8726,-72.0211,7.09,4.6
2015-11-11T17:33:49.130Z,-29.6347,-72.1322,10,4.3
2015-11-11T15:43:14.920Z,-29.8637,-72.2816,10,4.3
2015-11-11T09:14:14.690Z,-29.4213,-71.9434,13.62,4.5
2015-11-11T09:07:45.170Z,-29.6498,-72.0946,10,4.6
2015-11-11T09:03:42.980Z,-29.4457,-71.9564,14.43,3.9
2015-11-11T07:59:32.000Z,-31.771,-71.522,35.3,4.2
2015-11-11T07:42:21.480Z,-29.4756,-72.0461,12.07,4.5
2015-11-11T07:08:56.140Z,-29.4848,-72.1007,13,4.6
2015-11-11T06:35:14.830Z,-29.6624,-72.148,10,4.5
2015-11-11T04:46:30.290Z,-29.7146,-72.0519,15.2,4.2
2015-11-11T03:40:24.140Z,-29.4492,-72.046,10,4.5
2015-11-11T03:25:40.690Z,-29.6976,-72.0317,19.96,4.3
2015-11-11T03:13:13.590Z,-29.6666,-71.9728,13.32,4.8
2015-11-11T03:07:49.000Z,-29.5259,-72.1018,10,5.1
2015-11-11T02:46:19.830Z,-29.5097,-72.0585,10,6.9
2015-11-11T02:29:59.980Z,-29.4928,-72.0767,10,4.5
2015-11-11T02:26:30.050Z,-29.4824,-72.1149,11.62,4.6
2015-11-11T02:23:39.270Z,-29.4658,-71.9288,10,5.1
2015-11-11T02:18:04.680Z,-29.4089,-71.9035,15.16,4.8
2015-11-11T02:14:39.610Z,-29.495,-72.0618,10,4.8
2015-11-11T02:06:36.730Z,-29.4681,-71.928,10,4.9
2015-11-11T02:01:05.910Z,-29.5598,-72.1101,10,5.1
2015-11-11T01:54:38.570Z,-29.5067,-72.0068,12,6.9
2015-11-10T23:48:25.110Z,-29.5019,-72.1078,10,4.4
2015-11-10T23:28:17.900Z,-30.3828,-71.9477,17.73,4.3
2015-11-10T19:38:22.510Z,-30.8846,-71.5016,43.86,4.1
2015-11-10T12:58:38.410Z,-30.8045,-71.3706,43.18,4.6
2015-11-10T11:43:46.390Z,-29.4389,-72.2254,3.92,4.2
2015-11-10T04:13:17.870Z,-29.43,-71.9559,9.14,4.3
2015-11-10T04:09:09.860Z,-29.4491,-71.9144,35,4.3
2015-11-09T15:43:06.310Z,-31.7787,-72.1421,10,4.4
2015-11-09T14:59:20.050Z,-29.4608,-72.217,10,4.5
2015-11-09T05:50:28.000Z,-30.277,-71.388,50.1,4.3
2015-11-09T03:01:52.660Z,-30.2642,-71.4416,40.02,4.1
2015-11-08T21:42:28.180Z,-31.7875,-72.1917,13.2,4.1
2015-11-07T23:56:21.000Z,-30.714,-71.385,47.3,4.3
2015-11-07T22:23:53.530Z,-31.4284,-72.0284,8.15,4.6
2015-11-07T12:28:33.000Z,-30.756,-71.424,50.7,4.1
2015-11-07T11:51:29.000Z,-30.698,-71.632,27.5,4.4
2015-11-07T10:53:44.160Z,-30.7227,-71.3904,42,5.7
2015-11-07T10:38:24.940Z,-30.7608,-71.6991,38.72,4
2015-11-07T10:31:20.620Z,-30.7911,-71.4521,42.26,4.9
2015-11-07T09:30:59.790Z,-30.9278,-71.7906,34.67,4.6
2015-11-07T09:17:00.000Z,-30.8412,-71.3703,43.23,4.6
2015-11-07T07:31:43.870Z,-30.8796,-71.4519,46,6.8
2015-11-07T07:04:31.380Z,-29.4642,-72.3015,13,6.2
2015-11-07T01:34:51.960Z,-30.0303,-72.055,8.85,4.8
2015-11-06T08:44:07.540Z,-30.1424,-72.2616,8.49,5.4
2015-11-06T08:20:10.980Z,-30.2557,-72.116,8.67,4.2
2015-11-06T04:57:05.780Z,-30.3772,-72.0536,11.51,4.5
2015-11-05T17:02:39.680Z,-30.6983,-71.7815,25.93,4.4
2015-11-05T01:28:44.960Z,-30.7489,-71.5125,37.98,4
2015-11-04T01:22:11.110Z,-30.3409,-71.934,19.07,4
2015-11-03T21:30:17.000Z,-30.796,-71.411,49.6,4.2
2015-11-03T10:28:58.610Z,-31.2033,-72.2047,4.12,4.1
2015-11-03T01:43:28.790Z,-30.5714,-71.8682,28.09,4.7
2015-11-02T18:18:46.940Z,-30.4638,-72.7499,7.24,4.5
2015-11-02T16:48:58.380Z,-30.436,-71.9972,17.49,4.4
2015-10-31T19:29:17.450Z,-31.0944,-71.8204,20.13,4.1
2015-10-30T12:41:40.690Z,-31.7046,-71.993,34.98,4.2
2015-10-30T07:55:08.690Z,-31.8309,-72.0567,2.31,4.3
2015-10-30T02:24:30.280Z,-30.7421,-71.5608,31.43,4.2
2015-10-29T16:20:15.000Z,-31.848,-72.164,20,3.9
2015-10-29T14:08:57.000Z,-30.617,-71.642,43,4.4
2015-10-29T11:51:07.000Z,-31.741,-72.193,23,4
2015-10-29T11:34:30.030Z,-31.778,-72.2967,10.31,4.3
2015-10-29T10:31:27.050Z,-31.7198,-72.1,10,4.6
2015-10-29T03:19:22.500Z,-31.7533,-71.7524,31.09,4.2
2015-10-28T04:54:55.470Z,-30.8713,-71.4536,41.38,4.5
2015-10-28T04:12:06.920Z,-30.2931,-71.6389,35.73,4.1
2015-10-27T18:32:30.270Z,-32.7727,-71.6589,26.58,4.4
2015-10-27T04:05:57.020Z,-30.8476,-71.9958,26.86,4.3
2015-10-27T02:38:56.950Z,-30.7728,-72.1007,15.14,4.3
2015-10-27T01:06:43.830Z,-31.6621,-72.1311,29.2,4.1
2015-10-26T14:26:21.310Z,-30.0752,-72.9545,10,4.5
2015-10-25T16:34:26.950Z,-30.4401,-72.1858,10,4.3
2015-10-25T13:13:46.760Z,-29.7532,-71.3807,35.32,4.3
2015-10-24T21:24:45.270Z,-31.442,-71.4883,39.92,5
2015-10-24T19:06:06.830Z,-30.5641,-71.7072,29.37,3.9
2015-10-24T18:17:23.000Z,-30.6267,-71.7016,20.9,4
2015-10-24T17:58:10.020Z,-30.7885,-72.7249,10,4.7
2015-10-24T14:52:23.000Z,-30.042,-71.309,52.1,4
2015-10-24T10:43:24.870Z,-30.4287,-71.9638,17.9,4
2015-10-24T02:26:25.450Z,-31.5802,-71.5484,37,4.3
2015-10-23T14:47:58.520Z,-30.7656,-71.5533,40.63,4.5
2015-10-23T01:52:52.650Z,-32.3763,-72.0691,9.59,4.5
2015-10-22T20:22:28.000Z,-30.385,-71.699,25.3,4.2
2015-10-22T00:02:55.210Z,-30.3046,-71.6998,22.12,4.2
2015-10-21T22:04:31.430Z,-31.182,-71.8011,22.03,4.2
2015-10-21T18:45:46.530Z,-30.8311,-71.4796,36.82,4.9
2015-10-21T05:22:07.150Z,-30.3618,-71.7019,17.32,4.1
2015-10-21T03:10:28.030Z,-30.6918,-71.571,35.9,4
2015-10-21T02:12:22.750Z,-31.7063,-72.0508,10,4.2
2015-10-20T23:55:48.340Z,-30.8176,-71.5045,37.09,4.5
2015-10-20T21:45:23.990Z,-30.4214,-71.7119,25.51,3.9
2015-10-20T16:43:31.070Z,-29.9607,-72.2611,10,4.3
2015-10-20T10:06:14.040Z,-30.7867,-71.4045,46.02,5
2015-10-20T04:15:20.810Z,-30.7412,-71.4384,40.53,4.1
2015-10-20T04:06:54.010Z,-30.7726,-71.4885,40.42,4.7
2015-10-19T22:34:49.380Z,-31.1618,-71.7506,29.9,4.2
2015-10-19T17:57:02.710Z,-30.7077,-71.44,39.72,4.4
2015-10-19T17:27:21.490Z,-31.3436,-72.2126,10,4.1
2015-10-19T09:28:41.770Z,-30.2687,-71.9793,16.26,4.5
2015-10-19T04:37:12.720Z,-30.2852,-72.2484,6.02,4.5
2015-10-18T23:01:15.150Z,-31.3226,-72.2657,8.09,4
2015-10-18T21:23:52.170Z,-30.1732,-72.6303,10,4.4
2015-10-17T20:32:06.790Z,-31.7436,-71.9705,15.63,4
2015-10-17T15:11:44.710Z,-31.3989,-72.1127,10,4.4
2015-10-17T08:38:55.620Z,-31.6684,-72.1311,16.29,4.2
2015-10-16T16:58:27.880Z,-30.5265,-71.7478,35,4.1
2015-10-16T12:49:09.710Z,-31.4359,-71.937,30.08,4.2
2015-10-16T06:50:35.840Z,-30.5689,-71.4396,25.39,4.1
2015-10-15T22:18:45.040Z,-30.6214,-71.8278,27.47,4
2015-10-15T20:39:01.320Z,-30.5745,-71.6555,29.54,4.2
2015-10-15T19:23:22.680Z,-30.5632,-71.6201,35.82,4.9
2015-10-15T11:03:11.710Z,-30.8217,-71.8166,34.33,4.7
2015-10-14T08:35:37.000Z,-31.264,-71.46,49.9,4.2
2015-10-14T03:48:00.660Z,-30.3953,-71.8561,18.41,4.2
2015-10-13T23:25:58.520Z,-30.9269,-72.1397,7.28,4
2015-10-13T19:33:02.480Z,-31.2252,-71.57,40.84,4.1
2015-10-13T17:46:58.470Z,-31.7512,-72.1625,10.2,3.9
2015-10-13T11:16:25.770Z,-30.5903,-71.4013,42.25,4.3
2015-10-13T09:17:17.290Z,-30.0825,-71.9132,10,4.3
2015-10-13T01:05:31.390Z,-30.4356,-71.622,24.51,4.4
2015-10-13T00:15:14.000Z,-30.713,-71.575,34.8,4.1
2015-10-12T23:30:26.440Z,-30.4915,-72.1614,10,4.3
2015-10-12T16:46:43.840Z,-30.5918,-71.7146,20.02,4.6
2015-10-12T16:01:02.690Z,-30.784,-71.5077,35.72,4.6
2015-10-12T14:59:21.220Z,-30.5627,-71.697,26.22,4.2
2015-10-12T14:47:59.500Z,-31.1283,-71.8206,34.6,4
2015-10-12T14:09:42.560Z,-31.1368,-71.9608,19.16,4.5
2015-10-12T10:27:59.000Z,-30.429,-71.684,31.3,4.2
2015-10-12T06:58:57.750Z,-29.6534,-71.7064,55.99,4.5
2015-10-12T05:10:19.700Z,-31.1388,-71.9383,37.17,4.1
2015-10-12T04:50:18.000Z,-31.186,-71.735,26.4,4
2015-10-12T03:31:32.270Z,-31.1866,-71.8325,19.65,5
2015-10-12T03:15:19.160Z,-31.1849,-71.8227,21,5.6
2015-10-12T02:59:05.000Z,-32.114,-71.78,37.4,4.1
2015-10-12T01:46:46.570Z,-30.7384,-71.5254,35.4,4.2
2015-10-11T21:23:44.580Z,-30.7119,-71.3982,40.45,4.7
2015-10-11T16:54:58.280Z,-30.631,-71.8858,24.09,4.6
2015-10-11T02:33:32.510Z,-30.7276,-71.4836,38.54,4.6
2015-10-10T23:08:24.720Z,-30.3478,-72.6171,10,4.4
2015-10-10T14:26:04.000Z,-31.77,-71.654,40.1,4.1
2015-10-10T13:16:34.000Z,-30.52,-71.558,25.4,4.2
2015-10-10T08:58:37.420Z,-30.6505,-72.1357,11.35,4.5
2015-10-09T22:18:19.090Z,-30.607,-71.399,55.2,4.1
2015-10-09T19:34:09.000Z,-31.7373,-72.2605,14.05,4.1
2015-10-09T18:27:36.650Z,-31.7323,-71.7325,35,5.5
2015-10-09T12:45:39.140Z,-30.137,-72.1387,10,4.3
2015-10-09T10:38:22.010Z,-30.578,-72.3973,10,4.3
2015-10-09T08:20:39.650Z,-31.0489,-71.2989,52.53,4.4
2015-10-09T06:52:34.750Z,-31.5296,-71.4782,39.25,4
2015-10-09T06:08:55.970Z,-30.8494,-71.5687,46.36,4.6
2015-10-08T08:46:14.130Z,-30.7116,-71.6621,35.25,4.1
2015-10-08T07:22:46.290Z,-30.6725,-71.7478,29.3,4.3
2015-10-08T02:54:18.280Z,-30.3382,-71.9937,15.46,4.1
2015-10-07T23:43:11.230Z,-31.6195,-72.3947,10,4.1
2015-10-07T19:35:16.990Z,-30.8102,-71.4315,39.13,4.5
2015-10-07T13:06:42.110Z,-31.8261,-72.4314,10,4.2
2015-10-07T12:34:36.930Z,-31.4877,-71.7728,23.77,4.5
2015-10-07T08:00:39.980Z,-30.2971,-71.3616,8.74,4.8
2015-10-07T07:29:02.400Z,-30.3022,-72.1414,10.19,4.2
2015-10-07T04:45:54.960Z,-30.3764,-72.1749,11.91,4.1
2015-10-07T03:02:10.850Z,-30.8207,-71.4446,40.64,4.5
2015-10-07T02:12:25.230Z,-30.3816,-72.0691,12.7,4.2
2015-10-06T22:48:33.670Z,-30.8438,-71.4938,35.77,4.7
2015-10-06T13:52:35.660Z,-31.6888,-71.9677,10,4.1
2015-10-06T13:09:03.330Z,-30.3927,-71.9603,10,4.2
2015-10-06T12:59:39.770Z,-30.3789,-71.8161,16.15,4.1
2015-10-06T10:47:33.150Z,-31.432,-71.4573,42.76,4.7
2015-10-06T04:51:45.780Z,-30.2554,-72.0994,12.25,4.7
2015-10-06T02:00:57.540Z,-31.6899,-72.0962,20.68,4.2
2015-10-05T21:58:16.000Z,-32.082,-71.795,22.7,4.2
2015-10-05T21:51:38.000Z,-32.123,-71.751,34.5,4.2
2015-10-05T17:30:53.290Z,-31.0879,-72.7469,10,4.6
2015-10-05T16:33:26.780Z,-30.3035,-71.5318,34,5.9
2015-10-05T05:04:56.410Z,-31.7308,-71.9781,33.6,4.3
2015-10-05T02:02:51.370Z,-31.7828,-71.6072,34.92,3.9
2015-10-04T18:21:53.060Z,-30.2671,-71.7108,35,4.2
2015-10-04T17:58:13.470Z,-30.7106,-71.4883,35,4.2
2015-10-04T16:57:22.100Z,-30.5101,-72.1713,10,4.4
2015-10-04T12:16:36.000Z,-30.446,-71.601,28.9,4
2015-10-04T10:11:56.000Z,-30.656,-71.627,29.9,5
2015-10-04T09:06:41.190Z,-30.8202,-71.6631,35.62,4.1
2015-10-04T03:49:49.460Z,-30.3105,-72.1018,5.89,5.5
2015-10-03T23:23:31.640Z,-31.6756,-72.9083,10,3.9
2015-10-03T19:43:21.150Z,-29.4375,-71.2152,41.46,4.4
2015-10-03T18:59:37.000Z,-30.779,-71.414,48.9,4.2
2015-10-03T18:27:52.100Z,-30.6127,-71.7054,25.38,4
2015-10-03T13:48:10.650Z,-29.8651,-71.6961,35,4.3
2015-10-03T12:12:16.570Z,-31.1812,-71.7663,30.73,4.2
2015-10-03T11:21:01.700Z,-29.8205,-71.7255,28.54,5.1
2015-10-03T11:01:46.030Z,-31.7284,-72.2932,9.93,4.5
2015-10-03T09:08:53.340Z,-31.7517,-72.0152,10.24,4
2015-10-03T08:26:56.480Z,-30.3288,-71.4924,39.37,4.5
2015-10-03T07:42:57.050Z,-32.2357,-72.1225,5.78,4.3
2015-10-03T07:20:00.350Z,-30.3303,-71.4784,38.33,4.3
2015-10-03T06:26:55.780Z,-30.301,-71.551,38,5.9
2015-10-03T04:26:25.010Z,-32.8147,-72.1442,14,4
2015-10-03T01:37:49.750Z,-30.599,-72.701,10,4.2
2015-10-02T22:23:00.000Z,-30.736,-71.35,52.7,4
2015-10-02T20:02:40.000Z,-31.082,-71.334,58.3,4
2015-10-02T19:42:49.000Z,-30.988,-72.563,25,4.2
2015-10-02T16:33:27.300Z,-31.0024,-72.834,10,4.9
2015-10-02T16:22:47.000Z,-30.579,-71.6,32.5,4.9
2015-10-02T15:04:17.000Z,-30.5332,-71.358,49.1,3.9
2015-10-02T14:48:16.390Z,-32.0201,-71.948,35,4.5
2015-10-02T08:40:05.870Z,-30.6825,-71.6204,21.3,4.4
2015-10-02T08:13:01.410Z,-31.8131,-72.8192,5.15,4.4
2015-10-02T07:54:20.800Z,-31.4233,-72.7889,10,4.5
2015-10-02T07:43:21.650Z,-30.9404,-71.5984,31,4.5
2015-10-01T20:28:33.150Z,-30.5618,-72.502,10,4.4
2015-10-01T16:47:54.910Z,-32.8092,-72.0761,13.38,4.1
2015-10-01T14:31:10.210Z,-32.7952,-72.121,10,4.5
2015-10-01T09:28:58.000Z,-31.759,-71.353,47.8,4
2015-10-01T03:21:37.570Z,-31.9046,-72.2302,14.64,4.4
2015-10-01T02:25:54.040Z,-30.1461,-72.0068,14.29,4.6
2015-10-01T02:06:22.650Z,-30.7069,-71.4783,38.33,4.7
2015-09-30T23:04:46.360Z,-30.4363,-72.0406,15.39,4.2
2015-09-30T22:59:45.000Z,-30.745,-71.411,48.1,4.1
2015-09-30T20:12:44.590Z,-31.7658,-72.1038,14.09,4.4
2015-09-30T18:21:17.000Z,-30.638,-71.722,35.6,4.2
2015-09-30T14:29:02.010Z,-31.6673,-72.8618,10,4.2
2015-09-30T12:30:39.060Z,-30.9116,-71.9074,13.52,4.2
2015-09-30T04:20:28.820Z,-30.8308,-72.7174,14.49,4.2
2015-09-30T02:00:04.700Z,-30.6302,-71.684,27.42,4.6
2015-09-30T01:32:04.000Z,-30.652,-71.717,31.9,3.9
2015-09-30T01:06:59.040Z,-31.5024,-71.7132,24.49,4.2
2015-09-29T18:59:25.000Z,-31.793,-71.38,29.1,4.4
2015-09-29T16:46:15.790Z,-31.5374,-72.0494,10,4.4
2015-09-29T10:01:21.390Z,-31.3741,-72.1074,10,4.2
2015-09-29T06:24:57.000Z,-31.879,-72.008,38.1,3.5
2015-09-29T03:55:37.940Z,-30.882,-71.5731,29.39,4.3
2015-09-29T03:48:17.940Z,-31.1636,-71.5866,32.79,4.3
2015-09-29T01:17:45.990Z,-30.7269,-71.4815,35,4.2
2015-09-28T20:27:28.050Z,-31.018,-71.7244,29.78,3.8
2015-09-28T16:59:48.470Z,-31.5772,-71.5251,39.93,4.4
2015-09-28T16:44:13.070Z,-30.8639,-71.4461,45.64,4.1
2015-09-28T13:01:53.470Z,-31.1831,-71.538,33.97,4.3
2015-09-28T08:29:13.610Z,-31.5815,-71.7636,13.91,4.5
2015-09-28T07:10:42.880Z,-30.4687,-72.1323,18.44,4.3
2015-09-28T06:05:43.700Z,-31.7716,-72.3145,10.85,4.8
2015-09-28T04:16:09.740Z,-31.3742,-71.5696,34.09,4.1
2015-09-28T03:07:39.990Z,-31.7,-72.0556,17.85,4
2015-09-27T22:53:06.270Z,-30.9379,-71.4458,38.96,4.4
2015-09-27T22:39:58.250Z,-31.2154,-71.7895,23.64,4.6
2015-09-27T21:04:45.000Z,-31.669,-71.701,36.9,5.4
2015-09-27T21:01:06.000Z,-30.357,-72.035,18.2,4.4
2015-09-27T16:44:30.700Z,-30.6355,-71.8796,19.39,3.8
2015-09-27T16:25:58.430Z,-30.7822,-71.3795,34.38,4.5
2015-09-27T15:20:13.140Z,-30.0324,-72.4735,10,4.2
2015-09-27T14:32:56.680Z,-30.7266,-72.6757,10,3.8
2015-09-27T13:59:57.590Z,-30.7005,-72.5554,10,4.1
2015-09-27T08:28:37.010Z,-30.7284,-71.5085,37.74,4.3
2015-09-27T06:27:56.690Z,-30.2185,-72.1506,12.02,3.4
2015-09-27T05:48:01.290Z,-30.6398,-71.7911,24.78,4.3
2015-09-27T00:06:10.520Z,-31.7923,-72.8875,10,4.2
2015-09-26T23:59:25.610Z,-31.7669,-72.9815,10,4.3
2015-09-26T22:39:24.000Z,-31.67,-71.943,25.8,4.3
2015-09-26T21:48:31.190Z,-30.4335,-72.1512,10,4.2
2015-09-26T21:18:03.870Z,-31.2449,-71.8335,28.85,3.9
2015-09-26T20:52:33.270Z,-30.7868,-71.5352,35.17,4.1
2015-09-26T20:37:43.900Z,-30.5667,-72.7552,10,4.2
2015-09-26T20:19:45.180Z,-31.3442,-72.2604,10,4.1
2015-09-26T18:49:54.080Z,-31.6062,-71.9277,20.29,4.2
2015-09-26T18:07:37.330Z,-30.4022,-72.0677,9.97,3.8
2015-09-26T13:06:35.000Z,-31.847,-71.947,33.2,4.2
2015-09-26T13:02:27.000Z,-30.635,-71.6,44.2,4.1
2015-09-26T11:15:29.430Z,-31.8119,-72.0711,24.36,4.5
2015-09-26T10:46:14.340Z,-32.8977,-72.4169,10,4.3
2015-09-26T09:37:53.660Z,-31.3969,-71.4747,45.28,4.3
2015-09-26T08:44:58.870Z,-30.8227,-71.596,37.47,4.3
2015-09-26T08:22:35.770Z,-30.7904,-71.54,41.01,4
2015-09-26T08:19:37.670Z,-30.7753,-71.4048,40.85,4.2
2015-09-26T07:55:32.850Z,-30.6309,-71.9921,18.86,4.5
2015-09-26T06:16:31.130Z,-31.8244,-72.1047,12.7,4.2
2015-09-26T04:53:59.000Z,-30.721,-71.389,49.7,4.4
2015-09-26T04:00:59.100Z,-30.7176,-71.5172,38.18,4.2
2015-09-26T03:47:11.000Z,-30.761,-71.385,48,4.2
2015-09-26T03:03:20.490Z,-30.7349,-71.5729,29.03,5
2015-09-26T02:51:18.830Z,-30.8148,-71.3217,46,6.3
2015-09-26T01:59:20.680Z,-30.4423,-72.775,10,4.2
2015-09-25T20:30:58.240Z,-30.5872,-72.0872,11.1,4.7
2015-09-25T11:47:06.770Z,-31.5312,-71.9154,11.58,4.7
2015-09-25T11:33:29.050Z,-31.6147,-71.7205,24.96,4
2015-09-25T09:56:43.180Z,-31.8039,-72.1884,10,4.3
2015-09-25T09:25:40.930Z,-31.3032,-71.9172,21.36,4.4
2015-09-25T09:13:36.340Z,-31.7744,-72.1706,10,4
2015-09-25T08:36:25.500Z,-30.5599,-72.0581,15.05,4.3
2015-09-25T05:22:40.870Z,-32.2995,-72.2344,5.81,4.2
2015-09-25T04:07:07.290Z,-29.9597,-72.7771,6,3.8
2015-09-25T03:19:08.570Z,-32.3068,-72.34,14.16,4.2
2015-09-25T02:59:47.530Z,-32.3056,-72.2664,10.45,4.4
2015-09-24T22:36:16.320Z,-30.5302,-72.1106,12.8,4.5
2015-09-24T18:20:30.110Z,-30.8967,-71.6087,38.8,4.5
2015-09-24T17:21:26.740Z,-31.6889,-72.1224,6.64,4.5
2015-09-24T16:34:05.900Z,-30.7476,-71.49,36.96,4.4
2015-09-24T16:25:24.810Z,-30.7052,-71.5598,40.13,4.5
2015-09-24T16:13:25.740Z,-30.7302,-71.3766,41.04,5.2
2015-09-24T14:39:43.350Z,-32.2773,-72.0423,10,4.7
2015-09-24T13:35:54.870Z,-31.625,-71.6398,35,4.7
2015-09-24T12:15:09.800Z,-31.8254,-72.2018,10,4.3
2015-09-24T09:16:16.380Z,-31.8141,-72.1692,10,4.4
2015-09-24T08:54:04.980Z,-31.8459,-72.2052,10,4.4
2015-09-24T07:56:10.670Z,-30.4633,-72.6443,10,4.5
2015-09-24T03:49:30.000Z,-30.857,-71.929,24.9,4.3
2015-09-24T01:22:35.000Z,-32.332,-70.54,13.4,3.9
2015-09-24T00:11:27.180Z,-30.962,-72.6774,10,4.2
2015-09-23T23:52:33.110Z,-31.7821,-72.2698,10,4.2
2015-09-23T22:48:49.820Z,-31.7498,-72.0334,15.83,4
2015-09-23T22:39:22.600Z,-31.7975,-72.1176,9.44,4.1
2015-09-23T21:58:51.880Z,-30.6048,-72.6716,10,4.3
2015-09-23T19:32:16.450Z,-30.2822,-72.0209,18.72,4.2
2015-09-23T17:30:37.770Z,-31.4733,-72.061,20.93,4.2
2015-09-23T15:51:53.170Z,-30.8825,-71.7979,29.76,4.3
2015-09-23T15:25:13.740Z,-31.5408,-71.8932,33.53,4
2015-09-23T15:09:48.890Z,-30.9883,-71.5833,27.94,4.2
2015-09-23T15:06:46.930Z,-32.3779,-72.3152,10,4.3
2015-09-23T14:53:39.000Z,-30.848,-71.567,42.3,4.4
2015-09-23T14:47:28.790Z,-31.4336,-71.8687,10,4.3
2015-09-23T14:05:57.580Z,-31.4231,-71.5587,35,4.4
2015-09-23T12:55:02.960Z,-31.6156,-72.0009,26.76,4.4
2015-09-23T11:32:40.250Z,-31.6191,-71.9505,10,5
2015-09-23T10:05:49.820Z,-31.542,-71.9704,10,4.5
2015-09-23T09:20:45.030Z,-30.6462,-71.7494,25.18,4.3
2015-09-23T05:23:54.120Z,-30.4021,-72.1071,10,4.4
2015-09-23T05:05:54.920Z,-30.7365,-71.7401,27.68,3.9
2015-09-23T04:21:27.220Z,-31.3338,-71.9446,11.38,4.6
2015-09-23T03:59:20.480Z,-31.694,-72.2407,10,4.1
2015-09-23T02:01:39.570Z,-31.1405,-72.7148,10,4.6
2015-09-23T01:52:10.660Z,-31.5902,-72.4677,10,4
2015-09-23T00:23:46.000Z,-31.634,-71.274,44.5,4.3
2015-09-22T23:25:44.000Z,-32.291,-71.877,15.7,4
2015-09-22T22:26:41.120Z,-31.0145,-71.6676,34.43,4.3
2015-09-22T21:44:28.000Z,-31.459,-71.922,28.8,3.9
2015-09-22T21:28:50.000Z,-29.755,-71.729,13.9,4.3
2015-09-22T20:46:00.530Z,-30.9414,-71.9656,20.1,4.7
2015-09-22T16:45:06.710Z,-32.1958,-72.3585,10,4.1
2015-09-22T14:50:16.320Z,-30.5612,-72.0355,10,4.3
2015-09-22T14:45:51.960Z,-31.2119,-71.97,17.86,4
2015-09-22T13:17:20.260Z,-32.1697,-72.0498,16.07,4.4
2015-09-22T10:41:26.040Z,-30.7606,-71.9177,24.03,4.2
2015-09-22T10:01:46.230Z,-32.1323,-72.1526,16,3.9
2015-09-22T08:54:24.320Z,-31.5259,-72.165,10,4.2
2015-09-22T08:37:34.000Z,-30.416,-71.596,23.6,4.4
2015-09-22T07:13:00.520Z,-31.4441,-71.2653,58,6
2015-09-22T07:03:55.250Z,-32.1483,-72.3487,10,4.8
2015-09-22T05:55:30.830Z,-30.456,-72.6602,10,4.3
2015-09-22T05:32:51.340Z,-30.5074,-72.016,13.73,4.4
2015-09-22T03:38:46.250Z,-31.6634,-72.2785,14.24,4.2
2015-09-22T03:11:12.880Z,-30.0724,-72.1324,10.78,4.4
2015-09-22T02:48:24.530Z,-30.2354,-72.5839,10,4.4
2015-09-22T02:46:39.580Z,-31.7187,-72.7694,16.94,4.2
2015-09-22T02:34:55.120Z,-29.7363,-72.1936,10,4.1
2015-09-22T01:14:55.830Z,-32.162,-72.1067,16.38,4.4
2015-09-22T00:56:08.790Z,-30.8373,-71.9262,24,3.9
2015-09-21T22:25:31.560Z,-31.6828,-71.7021,27.29,3.7
2015-09-21T20:59:37.230Z,-29.4744,-72.2687,10,4.5
2015-09-21T20:24:32.790Z,-31.8166,-72.1991,10,4.8
2015-09-21T20:05:38.370Z,-32.1683,-72.313,10,4.2
2015-09-21T19:56:08.690Z,-31.7819,-71.6407,28.36,5.6
2015-09-21T19:08:03.280Z,-31.6156,-71.8604,22.7,4.2
2015-09-21T18:57:39.460Z,-31.0693,-72.0252,24.08,4.4
2015-09-21T18:47:07.480Z,-31.7471,-71.6419,37.59,4.7
2015-09-21T18:36:53.520Z,-31.0458,-71.82,26.95,5.5
2015-09-21T18:17:45.090Z,-31.5798,-72.2278,8.89,4.7
2015-09-21T18:08:04.000Z,-31.026,-71.655,33,4.5
2015-09-21T17:40:00.060Z,-31.7275,-71.3792,35,6.6
2015-09-21T17:01:49.430Z,-31.6653,-72.014,10,4.1
2015-09-21T16:52:35.880Z,-30.6046,-71.9858,15.32,4.6
2015-09-21T16:48:07.230Z,-30.8071,-71.6497,36.24,4.4
2015-09-21T15:44:55.080Z,-31.0273,-72.0881,19.32,4.5
2015-09-21T15:37:08.040Z,-31.0239,-71.7936,25.57,5.4
2015-09-21T14:26:05.940Z,-29.9938,-72.3371,6.17,4.3
2015-09-21T13:05:24.920Z,-31.5967,-71.8599,18.6,4.1
2015-09-21T12:49:26.400Z,-31.0646,-72.6561,10,4.6
2015-09-21T12:35:48.590Z,-31.0827,-72.6062,10.65,4.6
2015-09-21T12:04:05.000Z,-30.598,-72.071,17,4.4
2015-09-21T10:13:09.800Z,-30.7561,-71.4308,42.99,4.3
2015-09-21T07:25:39.030Z,-30.4885,-72.1269,10.98,4.1
2015-09-21T07:20:17.440Z,-31.0822,-72.5376,10,4.6
2015-09-21T07:18:38.070Z,-30.6669,-71.4463,36.12,4.5
2015-09-21T06:52:51.930Z,-31.4341,-72.0005,15.83,4.2
2015-09-21T06:32:13.080Z,-30.9775,-72.1199,10,4.2
2015-09-21T05:50:55.760Z,-32.3817,-72.2336,10,4.7
2015-09-21T05:39:34.910Z,-31.5757,-71.7431,30,6.1
2015-09-21T05:30:24.710Z,-32.4196,-72.3799,29.06,4.2
2015-09-21T03:22:48.050Z,-30.3628,-72.0786,10,4.3
2015-09-21T03:17:12.310Z,-32.269,-71.9957,8.09,4.4
2015-09-21T03:03:31.710Z,-30.414,-72.1542,10,4.2
2015-09-21T01:53:33.060Z,-30.3635,-72.6697,10,4.2
2015-09-21T01:42:13.810Z,-30.6427,-72.104,14.82,4.1
2015-09-21T00:19:50.220Z,-29.8657,-72.0264,18.43,3.9
2015-09-21T00:05:33.000Z,-30.764,-71.456,40,4
2015-09-20T23:00:11.030Z,-30.7995,-71.7362,23.97,4.1
2015-09-20T22:05:07.740Z,-30.505,-72.5055,35,4.3
2015-09-20T20:29:11.060Z,-30.535,-71.8433,35,4.9
2015-09-20T18:05:41.880Z,-30.9418,-71.7763,35,4.2
2015-09-20T17:18:28.570Z,-30.6249,-71.6818,35,5
2015-09-20T16:18:23.870Z,-30.2054,-72.5166,10,4.3
2015-09-20T15:49:13.500Z,-31.3314,-72.0104,16,4
2015-09-20T15:46:49.890Z,-30.61,-72.0807,15.33,4.2
2015-09-20T15:38:48.770Z,-31.7517,-72.1037,10,4.1
2015-09-20T15:07:42.200Z,-30.2988,-72.2288,10.03,4.2
2015-09-20T14:45:41.030Z,-30.3537,-72.2192,7.67,4.3
2015-09-20T14:37:49.950Z,-32.3567,-72.0765,5.66,4.4
2015-09-20T14:31:08.520Z,-30.5522,-71.6817,24.88,4.7
2015-09-20T12:36:50.180Z,-31.8528,-72.1068,17.15,4.2
2015-09-20T09:57:10.080Z,-31.8283,-72.583,13.09,4.3
2015-09-20T09:20:04.640Z,-31.8872,-72.3207,5,4.2
2015-09-20T09:02:32.500Z,-30.2379,-72.2743,8.62,5.1
2015-09-20T07:40:33.790Z,-30.8477,-72.6531,10,4.4
2015-09-20T07:10:37.400Z,-32.5096,-71.8126,17.28,4.6
2015-09-20T06:55:48.630Z,-30.53,-71.813,28.69,4.5
2015-09-20T06:49:10.330Z,-31.7056,-72.2695,27.09,4.2
2015-09-20T06:39:10.310Z,-30.5997,-72.3274,17.86,4.4
2015-09-20T06:28:50.570Z,-31.2548,-72.74,10,4.6
2015-09-20T06:07:01.150Z,-31.6769,-72.1565,13.06,5.1
2015-09-20T04:22:04.010Z,-32.1287,-71.9271,22.3,4.2
2015-09-20T03:02:02.010Z,-30.8468,-71.4623,45.46,5
2015-09-20T02:41:52.350Z,-31.7317,-71.9336,22.41,4.3
2015-09-20T01:42:16.320Z,-31.7793,-72.4026,10,4.4
2015-09-20T01:34:33.890Z,-30.4213,-72.4131,2.49,4.4
2015-09-20T01:26:23.130Z,-31.3729,-71.619,35.73,4.2
2015-09-20T01:23:15.470Z,-31.0427,-71.616,22.27,4.3
2015-09-20T01:21:16.430Z,-32.3563,-72.1173,13.08,4.2
2015-09-20T01:18:50.310Z,-30.9618,-72.7207,10,4.3
2015-09-20T01:12:35.850Z,-30.4067,-72.7228,10,4.2
2015-09-20T00:48:18.910Z,-32.2564,-72.0917,24.11,4.2
2015-09-20T00:29:00.390Z,-31.7353,-72.0251,10,4.1
2015-09-20T00:10:26.880Z,-30.8102,-71.8234,30.66,4
2015-09-19T23:21:24.520Z,-31.7633,-72.2463,10,4
2015-09-19T23:16:35.130Z,-30.4481,-72.5992,10,3.9
2015-09-19T23:14:37.430Z,-30.5268,-72.6421,10,4.5
2015-09-19T22:59:39.980Z,-30.8456,-71.4929,38.25,4.4
2015-09-19T22:42:25.880Z,-30.991,-71.3762,51.11,4.2
2015-09-19T22:35:30.000Z,-30.815,-71.423,16.2,4.3
2015-09-19T22:10:39.270Z,-32.2055,-72.2546,8.88,4.2
2015-09-19T21:49:49.630Z,-31.3378,-72.1137,10,4
2015-09-19T21:42:07.310Z,-30.7161,-72.5091,10,4.5
2015-09-19T21:38:53.430Z,-30.2416,-72.1362,15.56,4
2015-09-19T21:27:27.030Z,-32.4741,-72.295,17.52,4.1
2015-09-19T21:23:19.520Z,-30.1617,-72.5898,10,4.2
2015-09-19T20:41:18.940Z,-32.3625,-72.2425,9.44,4.2
2015-09-19T20:39:40.070Z,-30.2645,-72.2495,10,4.4
2015-09-19T19:14:55.420Z,-32.4478,-72.1814,15.83,4.2
2015-09-19T19:09:03.350Z,-32.3134,-71.9601,13.93,4.5
2015-09-19T19:06:12.910Z,-30.5226,-72.1248,15.65,4.5
2015-09-19T18:52:53.410Z,-31.1952,-71.7399,39.92,4
2015-09-19T18:38:38.030Z,-31.0661,-72.866,10,4.3
2015-09-19T18:13:14.700Z,-31.3171,-71.9175,17.56,4.9
2015-09-19T18:02:47.950Z,-31.7957,-72.2636,10,4
2015-09-19T17:44:49.330Z,-32.3863,-72.0244,10,3.7
2015-09-19T16:51:17.850Z,-30.6307,-71.7801,35,4.2
2015-09-19T16:21:21.100Z,-32.4511,-72.4248,10,4.2
2015-09-19T16:10:01.490Z,-32.4398,-72.0888,10,4.4
2015-09-19T15:24:55.680Z,-32.296,-72.0645,10,4.2
2015-09-19T15:02:16.220Z,-31.7107,-72.2042,10,4.5
2015-09-19T13:58:24.890Z,-32.2741,-71.9468,10,4.2
2015-09-19T13:36:10.500Z,-32.4502,-72.0882,35,4.3
2015-09-19T13:35:54.610Z,-32.3954,-71.8508,35,3.7
2015-09-19T13:08:57.760Z,-30.5256,-72.1984,10,5.6
2015-09-19T13:01:07.000Z,-32.443,-71.834,32.2,4.9
2015-09-19T12:52:20.920Z,-32.3335,-72.0629,18,6.2
2015-09-19T11:57:20.170Z,-30.4131,-72.6441,13.13,4.8
2015-09-19T11:50:25.360Z,-30.8449,-71.8776,27.63,4.2
2015-09-19T11:32:07.570Z,-30.4316,-72.6579,3.85,4
2015-09-19T10:28:48.700Z,-32.132,-71.4543,35,4.5
2015-09-19T09:48:43.490Z,-30.5101,-72.6892,7.58,4.6
2015-09-19T09:41:59.390Z,-31.3501,-72.2055,11.28,4.6
2015-09-19T09:24:45.580Z,-30.4276,-72.1495,18.03,4.5
2015-09-19T09:07:09.550Z,-31.0999,-71.5902,28,5.7
2015-09-19T08:40:30.420Z,-30.8544,-71.8991,24.61,4.1
2015-09-19T08:31:24.620Z,-30.1004,-72.2316,8,5.4
2015-09-19T08:05:02.540Z,-30.4864,-72.6101,10,4.3
2015-09-19T07:24:35.030Z,-30.2871,-71.3994,41.25,4.2
2015-09-19T06:59:01.970Z,-31.6821,-72.3295,12.11,4.2
2015-09-19T05:55:26.110Z,-31.7815,-71.5255,43.59,4.5
2015-09-19T05:47:49.390Z,-30.8757,-71.8805,18.87,4.3
2015-09-19T05:13:34.000Z,-31.824,-71.623,49.5,4.2
2015-09-19T05:12:23.740Z,-29.7445,-71.9631,17.94,4.5
2015-09-19T05:06:47.500Z,-29.6411,-72.077,6,6.1
2015-09-19T05:01:42.370Z,-30.3814,-72.6582,10,4.5
2015-09-19T04:53:26.880Z,-31.746,-72.0871,16.39,4.4
2015-09-19T04:44:12.000Z,-30.815,-71.393,51.4,4.2
2015-09-19T04:33:48.160Z,-30.3796,-72.7513,10,5
2015-09-19T04:23:39.300Z,-31.5985,-72.0757,10,4.1
2015-09-19T04:12:45.380Z,-31.2176,-72.0571,10.34,4.5
2015-09-19T03:14:17.010Z,-31.1025,-72.5362,17.95,4.4
2015-09-19T02:53:51.570Z,-30.0929,-72.4945,8.93,4.2
2015-09-19T02:49:40.830Z,-31.4975,-71.8897,25.08,4.7
2015-09-19T01:22:55.540Z,-30.7957,-71.444,38.78,4.1
2015-09-19T01:19:23.100Z,-30.8623,-71.9029,19.55,4.6
2015-09-19T00:55:44.240Z,-31.5982,-71.9428,8.74,3.8
2015-09-19T00:42:44.000Z,-31.64,-71.664,38.9,4.4
2015-09-19T00:37:51.800Z,-30.7045,-72.6892,10,4
2015-09-19T00:31:27.180Z,-30.5191,-72.0888,14,4.4
2015-09-18T23:50:44.680Z,-31.5485,-72.0578,10,4.2
2015-09-18T23:30:56.730Z,-31.8581,-72.1378,16.6,4.1
2015-09-18T22:53:12.000Z,-31.248,-71.65,36.4,4.2
2015-09-18T22:35:21.090Z,-30.2644,-72.64,10,4.7
2015-09-18T22:12:16.500Z,-30.3674,-72.1148,10.48,4.9
2015-09-18T22:08:47.980Z,-31.4096,-72.9742,8.16,4.2
2015-09-18T21:53:27.240Z,-30.1951,-72.4463,9.06,4.1
2015-09-18T21:47:24.130Z,-31.7321,-72.4912,14.21,4
2015-09-18T21:26:13.350Z,-32.3088,-71.8879,15.35,3.9
2015-09-18T20:50:41.160Z,-30.9008,-71.9345,25.07,4.3
2015-09-18T20:39:55.000Z,-30.645,-71.543,26.8,4.2
2015-09-18T20:38:13.510Z,-30.2075,-72.2468,10,4.4
2015-09-18T20:37:38.750Z,-30.6973,-72.0496,19.4,4.4
2015-09-18T19:54:46.390Z,-30.0341,-71.6615,18.82,4.5
2015-09-18T19:41:59.220Z,-30.8488,-71.7576,30.99,4.9
2015-09-18T19:39:21.960Z,-31.6422,-72.0888,5.58,4.7
2015-09-18T19:25:35.380Z,-31.7214,-72.1728,10,4.6
2015-09-18T19:21:56.000Z,-30.851,-71.352,47.7,4.4
2015-09-18T19:18:08.110Z,-31.9284,-72.1479,19.58,4.5
2015-09-18T19:10:14.190Z,-30.5298,-72.7235,3.5,4.3
2015-09-18T19:06:54.940Z,-30.4222,-72.0858,9.29,4
2015-09-18T18:52:09.610Z,-31.8804,-72.0529,10,4.1
2015-09-18T18:50:39.390Z,-32.3304,-71.962,14.49,4.1
2015-09-18T18:26:13.240Z,-31.6317,-72.2056,10,4.2
2015-09-18T18:15:29.320Z,-31.3192,-72.1249,11.38,4.7
2015-09-18T17:40:03.960Z,-32.1528,-72.1386,8.93,4.4
2015-09-18T17:27:16.580Z,-31.0666,-71.7978,21.5,4.1
2015-09-18T16:00:30.070Z,-32.3426,-72.1675,10,4.4
2015-09-18T15:58:37.000Z,-30.646,-71.607,24.8,4.1
2015-09-18T15:13:31.560Z,-30.1288,-72.2763,10,4.2
2015-09-18T15:13:04.810Z,-32.3021,-72.3554,10,4.2
2015-09-18T14:59:44.260Z,-31.031,-71.8455,35,4.5
2015-09-18T14:08:08.000Z,-30.872,-71.269,44.8,4.2
2015-09-18T13:53:43.270Z,-30.7257,-72.6659,10,4.8
2015-09-18T13:51:17.000Z,-31.439,-71.807,30.1,5.2
2015-09-18T12:57:16.010Z,-32.2181,-71.9456,10.99,4.5
2015-09-18T12:50:32.400Z,-30.0974,-71.9746,13,3.8
2015-09-18T12:17:21.350Z,-31.6113,-71.7849,11.3,4.2
2015-09-18T11:54:51.980Z,-31.5467,-72.0216,10,4.2
2015-09-18T11:05:56.130Z,-31.5544,-71.6445,42.89,4.2
2015-09-18T10:21:44.380Z,-31.481,-72.1175,10,4.6
2015-09-18T09:48:30.870Z,-32.3394,-72.3763,10,4.4
2015-09-18T09:35:22.110Z,-31.3243,-72.2992,10,4.5
2015-09-18T09:10:44.730Z,-32.3681,-72.2292,8,6.2
2015-09-18T08:56:18.950Z,-30.1958,-72.6351,8.25,4.1
2015-09-18T08:43:07.380Z,-31.1368,-72.3591,10,4.4
2015-09-18T08:18:17.860Z,-32.2292,-72.3678,6,5.6
2015-09-18T08:06:28.820Z,-30.4628,-72.1676,10,4.4
2015-09-18T07:51:00.730Z,-30.6247,-71.8456,22.89,4.5
2015-09-18T07:49:13.780Z,-31.7806,-72.2879,10,4.6
2015-09-18T07:44:10.620Z,-31.3569,-71.6668,36.72,4.4
2015-09-18T07:32:59.380Z,-32.0713,-72.1742,14.6,4.4
2015-09-18T07:05:24.470Z,-30.4107,-72.0453,13.23,4.2
2015-09-18T06:54:38.540Z,-31.409,-71.4695,43.18,4.2
2015-09-18T05:51:39.580Z,-30.5641,-71.9624,22.95,4.3
2015-09-18T05:33:51.640Z,-31.2382,-71.6089,36.58,4.4
2015-09-18T05:33:38.500Z,-31.1542,-71.5053,37.33,4.3
2015-09-18T05:27:39.750Z,-31.7056,-72.1573,13.16,4.3
2015-09-18T05:04:17.760Z,-31.5664,-71.9578,20.74,4.3
2015-09-18T04:43:25.910Z,-31.754,-71.5611,16.26,4.5
2015-09-18T04:34:48.430Z,-31.7117,-71.8907,25.48,4.5
2015-09-18T04:29:05.550Z,-31.6292,-71.7026,29,4.7
2015-09-18T04:24:02.080Z,-31.3611,-72.0302,5.69,5
2015-09-18T03:38:11.600Z,-31.9247,-71.9765,10,4.6
2015-09-18T03:32:17.710Z,-31.7517,-72.0376,10.48,4.9
2015-09-18T03:15:40.680Z,-31.4552,-71.5764,36.6,4.9
2015-09-18T03:14:54.200Z,-31.4227,-71.8051,30.2,4.7
2015-09-18T03:04:35.640Z,-32.4146,-72.1963,16.47,4.6
2015-09-18T03:03:17.410Z,-31.8405,-72.2147,19.08,4.1
2015-09-18T03:00:40.000Z,-31.479,-71.695,19.8,4.3
2015-09-18T02:58:41.000Z,-31.078,-71.587,38.7,4.3
2015-09-18T02:44:53.120Z,-30.987,-72.7324,10,4.2
2015-09-18T02:02:00.990Z,-30.3066,-72.5983,10,4.5
2015-09-18T01:50:21.250Z,-31.4276,-71.851,15.29,4.8
2015-09-18T01:29:47.550Z,-31.5383,-72.0517,10.05,4.3
2015-09-18T01:11:36.000Z,-31.404,-71.635,30.4,4.5
2015-09-18T00:46:25.000Z,-31.95,-72.082,20.4,3.9
2015-09-18T00:39:05.080Z,-31.6239,-71.6641,35,4.4
2015-09-18T00:10:08.510Z,-32.0011,-71.8597,21,4
2015-09-17T23:55:00.710Z,-31.8294,-72.3019,10,5.1
2015-09-17T23:35:00.690Z,-30.5812,-72.6183,10,4.5
2015-09-17T23:33:56.000Z,-31.028,-71.382,45,4
2015-09-17T23:23:14.570Z,-32.3887,-72.2061,14.01,4.2
2015-09-17T22:39:20.370Z,-31.031,-71.8056,23.23,5.2
2015-09-17T22:36:36.500Z,-31.4878,-71.8411,34.18,4.1
2015-09-17T22:08:03.810Z,-30.2648,-72.2499,4.2,4.9
2015-09-17T21:54:21.100Z,-29.9012,-71.8741,28.48,4.4
2015-09-17T21:46:27.000Z,-30.714,-71.408,46.8,4.1
2015-09-17T21:21:00.530Z,-31.4558,-71.8162,29.73,4.1
2015-09-17T21:13:02.710Z,-31.364,-71.9186,24.37,4.1
2015-09-17T20:50:43.030Z,-31.548,-72.266,10,4.5
2015-09-17T20:40:31.750Z,-29.9614,-71.8851,5.69,5.5
2015-09-17T20:24:35.480Z,-32.3271,-71.9254,16.38,5
2015-09-17T20:24:14.250Z,-31.6829,-72.2101,10,4.4
2015-09-17T19:51:06.490Z,-30.6117,-72.362,10,4.3
2015-09-17T19:45:39.410Z,-31.8937,-72.3157,10,4.4
2015-09-17T19:17:45.990Z,-30.9912,-72.3427,10,4.4
2015-09-17T19:11:19.440Z,-30.2807,-72.1894,14,4.2
2015-09-17T18:55:56.690Z,-31.3848,-72.0383,16.95,4.2
2015-09-17T18:51:58.680Z,-30.3711,-72.5779,10,4.6
2015-09-17T18:46:08.220Z,-30.5433,-72.4814,10,4.4
2015-09-17T18:26:40.200Z,-31.7702,-72.0404,4.49,4.9
2015-09-17T18:04:41.180Z,-30.8769,-71.9928,10,4.5
2015-09-17T17:58:30.000Z,-30.829,-71.382,43.7,4.4
2015-09-17T17:48:49.580Z,-31.479,-71.9575,11.84,4.3
2015-09-17T17:47:45.280Z,-31.6388,-72.0069,10,4.4
2015-09-17T17:38:22.110Z,-31.5901,-72.1099,10,4.4
2015-09-17T17:32:21.600Z,-30.6511,-71.6084,27.83,4.6
2015-09-17T17:18:32.370Z,-32.3104,-72.0523,3.31,4.7
2015-09-17T17:17:51.790Z,-30.3052,-72.1097,14.56,4.5
2015-09-17T17:02:12.290Z,-30.6643,-72.6314,10,4.8
2015-09-17T16:55:02.240Z,-30.7657,-71.5243,36.18,4.3
2015-09-17T16:52:17.920Z,-29.7643,-72.086,10,5.3
2015-09-17T16:46:21.460Z,-31.4673,-71.8621,6.16,4.8
2015-09-17T16:32:38.340Z,-31.5574,-71.9493,24.72,4.1
2015-09-17T16:19:50.290Z,-31.9538,-71.6849,27.52,4.4
2015-09-17T16:08:35.460Z,-30.8916,-71.402,35,5.3
2015-09-17T16:07:41.450Z,-31.2779,-71.5164,10,4.3
2015-09-17T16:04:03.490Z,-31.3359,-71.9539,14.59,4.8
2015-09-17T16:01:04.880Z,-31.7364,-71.953,27.05,4.8
2015-09-17T15:45:42.940Z,-31.2317,-71.7803,21.48,4.4
2015-09-17T15:45:20.030Z,-30.849,-71.9941,10,4.4
2015-09-17T15:38:27.470Z,-31.4268,-72.5546,10,4.4
2015-09-17T15:00:34.030Z,-31.0707,-72.8815,8.28,4.6
2015-09-17T14:35:01.500Z,-31.3746,-71.7824,10,4.6
2015-09-17T14:26:56.000Z,-31.452,-71.863,31.3,4.1
2015-09-17T14:19:15.970Z,-30.9102,-71.9829,10,5.7
2015-09-17T14:14:11.920Z,-32.1785,-71.5693,35,4.5
2015-09-17T14:10:38.000Z,-30.88,-71.325,43.4,4.1
2015-09-17T14:00:30.870Z,-30.9995,-72.5866,10,4.4
2015-09-17T13:57:24.170Z,-30.4543,-72.8352,10,4.2
2015-09-17T13:47:28.000Z,-31.113,-71.629,30.2,4.4
2015-09-17T13:39:37.400Z,-31.4291,-71.931,10,4.5
2015-09-17T13:32:26.050Z,-32.1432,-72.3779,10,5.9
2015-09-17T13:22:46.000Z,-31.329,-72.111,40.4,4.6
2015-09-17T13:04:55.000Z,-30.289,-71.703,15.8,4.7
2015-09-17T12:58:08.000Z,-30.694,-71.559,31.9,4.5
2015-09-17T12:51:33.820Z,-31.3253,-72.2751,10,4.3
2015-09-17T12:25:07.510Z,-32.1804,-71.9096,10,4.6
2015-09-17T12:24:29.000Z,-31.383,-71.736,25.6,4.6
2015-09-17T12:14:34.910Z,-32.9149,-71.6064,10,5.9
2015-09-17T12:09:43.950Z,-32.1351,-72.2117,7.14,5.3
2015-09-17T11:50:01.120Z,-30.6214,-72.5478,10,4.4
2015-09-17T11:42:31.000Z,-31.613,-71.757,26.1,4.3
2015-09-17T11:37:43.980Z,-31.7366,-71.6289,26.28,4.2
2015-09-17T11:24:31.940Z,-30.8922,-72.6365,10,4.5
2015-09-17T11:23:18.000Z,-31.43,-71.727,28.6,4.4
2015-09-17T11:12:43.430Z,-31.7304,-71.9666,9.42,4.3
2015-09-17T10:53:43.470Z,-31.5672,-72.3918,14.23,4.5
2015-09-17T10:53:18.260Z,-30.8884,-71.8547,17.28,4.1
2015-09-17T10:31:26.120Z,-30.9923,-71.4463,38.17,5.2
2015-09-17T10:29:36.560Z,-31.0473,-71.2202,21.41,4.1
2015-09-17T10:12:52.560Z,-30.5957,-71.8823,10,4.9
2015-09-17T10:09:13.200Z,-31.1214,-71.6454,11.88,4.4
2015-09-17T10:07:15.500Z,-30.9025,-72.194,16.27,4.4
2015-09-17T09:42:08.520Z,-31.5587,-72.0654,10,4.6
2015-09-17T09:37:37.920Z,-31.7868,-71.8279,19.28,4.4
2015-09-17T09:27:54.700Z,-31.1427,-71.7918,22.88,4.6
2015-09-17T09:12:32.520Z,-31.027,-71.8871,10,4.6
2015-09-17T09:03:47.010Z,-31.5933,-72.3695,10,4.5
2015-09-17T09:01:47.080Z,-31.4735,-71.8051,23.11,4.2
2015-09-17T08:51:31.930Z,-30.9594,-71.9131,18.28,4.2
2015-09-17T08:41:47.160Z,-31.8053,-72.0122,11.1,4.4
2015-09-17T08:39:01.410Z,-31.2416,-71.7525,28.54,4.6
2015-09-17T08:32:43.000Z,-31.601,-71.408,38.8,4.7
2015-09-17T08:31:17.690Z,-31.2089,-71.7632,20.16,4.5
2015-09-17T08:23:58.560Z,-31.2518,-71.7467,26.04,4.2
2015-09-17T08:16:41.250Z,-30.9736,-72.0227,11.48,4.4
2015-09-17T08:14:03.000Z,-31.851,-71.916,15,4.3
2015-09-17T08:10:36.840Z,-31.7367,-71.9481,8.37,4.5
2015-09-17T08:05:30.480Z,-31.5581,-71.7978,6.4,4.4
2015-09-17T08:00:06.380Z,-30.765,-71.4657,39.51,4.4
2015-09-17T07:55:56.160Z,-31.7611,-72.1201,15.79,4.4
2015-09-17T07:50:26.710Z,-30.7462,-71.9807,19.33,4.4
2015-09-17T07:46:24.830Z,-31.7653,-72.01,8.92,4.5
2015-09-17T07:39:46.500Z,-30.4303,-72.4731,19.27,4.5
2015-09-17T07:39:17.940Z,-30.824,-71.6453,32.98,4.3
2015-09-17T07:31:51.950Z,-31.0963,-71.7331,39.09,4.4
2015-09-17T07:28:04.000Z,-31.507,-71.579,43.7,4.9
2015-09-17T07:27:11.450Z,-30.505,-72.5673,10.75,4.3
2015-09-17T07:18:55.380Z,-31.7797,-71.971,13.02,4.7
2015-09-17T07:18:03.360Z,-31.4457,-71.6611,22.06,4.5
2015-09-17T07:17:23.800Z,-31.5605,-71.8867,32.4,4.3
2015-09-17T07:11:53.890Z,-30.8876,-71.6832,25.47,4.1
2015-09-17T07:05:49.480Z,-31.1809,-72.3788,17.1,4.3
2015-09-17T07:01:01.260Z,-30.59,-71.9156,17.48,4.5
2015-09-17T06:57:15.250Z,-31.606,-72.0338,10,4.3
2015-09-17T06:38:55.040Z,-31.652,-71.9592,18.32,4.9
2015-09-17T06:20:29.880Z,-31.4814,-71.8546,17.72,4.8
2015-09-17T06:20:21.970Z,-32.312,-71.6871,38.11,4.5
2015-09-17T06:17:12.000Z,-31.535,-71.696,27.9,4.4
2015-09-17T06:04:06.250Z,-30.6231,-72.0466,10,4.5
2015-09-17T06:01:05.610Z,-31.6468,-71.619,10,4.7
2015-09-17T05:57:11.260Z,-31.8697,-72.0705,15.96,4.8
2015-09-17T05:51:46.760Z,-31.9102,-72.0617,10,4.4
2015-09-17T05:44:39.960Z,-31.8011,-72.1309,10,5.5
2015-09-17T05:40:57.740Z,-31.3875,-71.9551,9.25,5.2
2015-09-17T05:35:25.410Z,-30.3572,-72.1749,10,4.4
2015-09-17T05:33:48.000Z,-31.932,-71.803,20.8,4.3
2015-09-17T05:26:39.940Z,-31.3326,-72.0714,23.33,4.6
2015-09-17T05:20:50.010Z,-31.6326,-71.6551,45.3,4.3
2015-09-17T05:16:31.700Z,-30.6159,-72.0739,10,4.9
2015-09-17T05:10:07.560Z,-30.532,-71.3664,31.88,4.5
2015-09-17T05:04:46.420Z,-31.4931,-71.8268,14.45,4.8
2015-09-17T05:00:53.160Z,-31.4835,-71.6396,35,4.5
2015-09-17T04:46:26.350Z,-32.0868,-72.4466,10,4.4
2015-09-17T04:43:41.420Z,-31.0799,-72.5516,3.95,4.9
2015-09-17T04:38:08.090Z,-31.2586,-71.8954,19.8,5.2
2015-09-17T04:32:11.370Z,-30.966,-72.1317,4.75,5.1
2015-09-17T04:26:38.970Z,-31.4167,-71.98,17.62,5.5
2015-09-17T04:18:31.890Z,-30.8919,-71.386,35,5.4
2015-09-17T04:10:27.780Z,-31.5173,-71.804,23,6.7
2015-09-17T04:08:26.560Z,-30.813,-71.6796,29.24,5
2015-09-17T04:05:04.000Z,-31.4711,-71.7377,17.98,5.1
2015-09-17T04:02:10.020Z,-31.2244,-71.926,15.97,5.7
2015-09-17T03:55:15.430Z,-31.4244,-71.6876,27,6.5
2015-09-17T03:54:56.340Z,-31.4138,-72.1839,23.09,4.6
2015-09-17T03:54:12.020Z,-31.4218,-71.8552,20.04,4.2
2015-09-17T03:52:44.610Z,-30.8543,-72.4214,14.47,4.2
2015-09-17T03:48:31.460Z,-31.6191,-72.0134,8.2,4.6
2015-09-17T03:39:08.140Z,-31.5087,-71.8354,5.61,4.7
2015-09-17T03:34:50.180Z,-31.8651,-72.0976,10,4.6
2015-09-17T03:32:31.680Z,-31.4338,-71.4939,35,4.5
2015-09-17T03:31:25.040Z,-30.5493,-72.7714,10,4.5
2015-09-17T03:27:17.100Z,-29.7941,-71.9633,9.57,4.7
2015-09-17T03:26:36.520Z,-31.5377,-71.803,19.56,4.1
2015-09-17T03:24:03.890Z,-31.952,-72.1716,13.69,4.8
2015-09-17T03:20:31.000Z,-31.5026,-71.7688,10,4.6
2015-09-17T03:19:56.580Z,-31.4896,-71.9047,35,4.4
2015-09-17T03:12:42.000Z,-30.922,-71.264,47.1,5.2
2015-09-17T03:10:42.970Z,-31.5301,-71.7599,36.79,4.4
2015-09-17T03:08:23.790Z,-30.6218,-72.6147,6.72,4.3
2015-09-17T03:06:03.300Z,-30.5936,-71.8463,26.53,4.3
2015-09-17T02:59:29.070Z,-30.9669,-71.5398,35,5.5
2015-09-17T02:52:43.000Z,-30.92,-71.35,44,4.8
2015-09-17T02:51:01.160Z,-30.5146,-72.3451,10,4.5
2015-09-17T02:44:26.000Z,-31.239,-71.773,33.3,4.7
2015-09-17T02:41:17.490Z,-31.2026,-71.6679,35,4.3
2015-09-17T02:38:50.010Z,-30.6573,-72.5248,10,4.9
2015-09-17T02:36:12.710Z,-31.4416,-71.3491,35,4.8
2015-09-17T02:34:24.070Z,-31.5836,-71.6827,21.45,4.9
2015-09-17T02:33:23.570Z,-30.6903,-72.019,20.4,4.6
2015-09-17T02:31:10.000Z,-30.398,-71.924,14.5,4.9
2015-09-17T02:21:05.530Z,-31.982,-72.8506,10,5
2015-09-17T02:20:48.200Z,-31.9226,-72.2897,10,4.5
2015-09-17T02:16:37.520Z,-31.0773,-71.2558,35,4.7
2015-09-17T02:13:25.360Z,-31.9026,-72.1546,10,4.6
2015-09-17T02:08:01.780Z,-31.8411,-71.8971,10,4.8
2015-09-17T02:06:12.820Z,-31.6451,-72.2477,10,4.5
2015-09-17T02:04:43.320Z,-30.4097,-72.1904,7.29,4.6
2015-09-17T01:59:28.780Z,-31.8541,-71.9733,10,4.8
2015-09-17T01:57:37.230Z,-31.1504,-71.644,35,4.6
2015-09-17T01:55:19.680Z,-31.0674,-71.6834,19.44,4.7
2015-09-17T01:52:47.260Z,-31.1748,-71.5717,26.46,4.6
2015-09-17T01:46:25.690Z,-31.908,-72.0799,10,5
2015-09-17T01:41:05.870Z,-31.1043,-71.6504,42.32,6.4
2015-09-17T01:39:21.580Z,-31.5748,-71.7993,32.68,5.1
2015-09-17T01:37:19.760Z,-31.1103,-72.0104,5.62,4.9
2015-09-17T01:33:02.640Z,-31.7363,-72.0265,9.29,5.8
2015-09-17T01:32:10.680Z,-31.8657,-72.0353,10,4.6
2015-09-17T01:28:36.930Z,-31.8327,-72.2212,10,4.4
2015-09-17T01:26:34.170Z,-31.3291,-72.31,10,4.4
2015-09-17T01:22:11.860Z,-30.4625,-72.0944,35,5.1
2015-09-17T01:21:48.660Z,-31.6698,-71.8533,10,5.2
2015-09-17T01:21:12.950Z,-31.0441,-71.7531,23.98,4.6
2015-09-17T01:20:29.400Z,-31.3701,-71.8335,21.44,4.5
2015-09-17T01:13:34.020Z,-31.0888,-71.6174,35,4.8
2015-09-17T01:12:17.420Z,-31.218,-71.4384,35,4.6
2015-09-17T01:09:42.000Z,-31.563,-72.246,15,4.9
2015-09-17T01:08:48.120Z,-31.0062,-71.6408,17.98,4.6
2015-09-17T01:00:44.380Z,-31.2743,-71.7321,35,4.7
2015-09-17T00:59:24.210Z,-30.6289,-72.4541,10,4.3
2015-09-17T00:50:12.870Z,-31.6674,-72.2394,10,5
2015-09-17T00:50:05.140Z,-30.9835,-71.3352,17.02,4.8
2015-09-17T00:45:50.000Z,-31.679,-71.766,14.2,4.6
2015-09-17T00:43:14.060Z,-31.087,-71.7617,11.61,5.1
2015-09-17T00:42:54.640Z,-30.9073,-71.7026,20.48,5
2015-09-17T00:37:51.560Z,-31.7223,-71.9942,19.96,4.6
2015-09-17T00:34:17.240Z,-31.418,-71.8766,12.1,5
2015-09-17T00:32:29.470Z,-31.8224,-72.1125,10,4.8
2015-09-17T00:30:02.250Z,-31.2676,-71.8974,35,4.8
2015-09-17T00:22:20.450Z,-31.7999,-72.1153,10,5.2
2015-09-17T00:18:27.480Z,-31.7117,-71.8957,35,4.8
2015-09-17T00:17:18.530Z,-31.0893,-72.7179,10,4.7
2015-09-17T00:15:21.680Z,-31.0528,-71.9242,23.81,4.8
2015-09-17T00:11:14.470Z,-31.0534,-72.0038,10,4.7
2015-09-17T00:06:17.440Z,-30.8817,-71.6993,21.66,5.1
2015-09-17T00:05:23.630Z,-31.5121,-71.6224,35,4.7
2015-09-17T00:01:18.920Z,-31.7494,-72.1254,10,5
2015-09-17T00:00:14.520Z,-31.7219,-72.0159,10,5
2015-09-16T23:59:18.920Z,-31.2151,-71.563,15.05,4.6
2015-09-16T23:57:33.420Z,-31.123,-71.7583,26.43,4.9
2015-09-16T23:56:18.230Z,-31.2859,-71.1239,13.79,4.5
2015-09-16T23:54:33.990Z,-31.1114,-71.7095,33.81,4.6
2015-09-16T23:51:53.020Z,-31.729,-72.1447,10,4.5
2015-09-16T23:48:21.010Z,-31.4251,-71.8108,10,5
2015-09-16T23:46:29.740Z,-30.4418,-72.0922,7.26,4.9
2015-09-16T23:42:44.840Z,-31.0485,-71.4853,17.18,5.1
2015-09-16T23:41:31.540Z,-30.4817,-72.1229,16.17,5.3
2015-09-16T23:38:01.650Z,-31.7842,-72.0222,12.46,5.9
2015-09-16T23:37:43.640Z,-31.3772,-71.8551,13.17,4.9
2015-09-16T23:36:29.590Z,-31.7893,-72.2389,11.34,5.3
2015-09-16T23:33:41.200Z,-31.3748,-71.8137,27.52,5.1
2015-09-16T23:32:24.760Z,-31.4153,-71.8835,19.47,5.2
2015-09-16T23:31:49.790Z,-29.9883,-71.7953,35,5.3
2015-09-16T23:31:32.800Z,-31.0731,-71.6913,23.57,5.1
2015-09-16T23:28:23.110Z,-30.7179,-71.8037,20.71,5.5
2015-09-16T23:23:25.660Z,-31.1674,-71.772,32.1,5.7
2015-09-16T23:18:41.850Z,-31.5622,-71.4262,28.41,7
2015-09-16T23:16:09.440Z,-31.6,-71.9189,35,6.1
2015-09-16T23:13:12.340Z,-30.2269,-71.197,29.47,5.2
2015-09-16T23:09:26.170Z,-31.5743,-71.6717,35,5.7
2015-09-16T23:09:06.770Z,-31.1055,-71.405,37.8,5.6
2015-09-16T23:03:56.560Z,-31.7502,-71.7425,19.1,6.1
2015-09-16T22:59:15.000Z,-31.618,-71.745,26.7,6.4
2015-09-16T22:54:32.860Z,-31.5729,-71.6744,22.44,8.3
2015-09-09T18:00:10.000Z,-32.984,-70.477,15.1,4.2
2015-08-26T23:49:19.450Z,-29.7014,-71.4158,51.14,4.3
2015-08-25T06:16:39.040Z,-29.663,-71.4373,52,4.5
2015-08-24T05:13:49.000Z,-29.882,-71.252,44.7,4.8
2015-08-24T02:42:48.000Z,-29.844,-71.239,44.9,4.2
2015-08-23T23:10:04.420Z,-29.7191,-71.2958,31.11,5.7
2015-08-12T17:45:32.000Z,-32.894,-70.471,13.8,3.6
2015-08-12T00:14:40.320Z,-31.6968,-71.6227,30,5.5
2015-08-10T09:40:09.020Z,-29.4727,-71.2415,38.93,5.2
2015-08-06T05:28:55.910Z,-31.7636,-72.2219,14.55,4.1
2015-07-22T00:04:19.000Z,-32.221,-71.703,32.3,4
2015-07-20T19:47:25.000Z,-31.688,-71.967,29.4,4.5
2015-07-19T21:08:46.000Z,-31.713,-71.806,32,4.2
2015-07-19T05:49:54.000Z,-31.725,-71.903,25,4.2
2015-07-16T10:48:04.930Z,-29.5,-71.8098,7.66,5
2015-07-05T22:24:11.000Z,-31.581,-71.76,27.8,4.2
2015-06-24T22:18:22.540Z,-30.3274,-71.4373,55.53,4.5
2015-06-24T12:35:23.000Z,-32.723,-71.783,25.9,3.9
2015-06-17T05:20:47.420Z,-29.3991,-72.0087,10,4.2
2015-06-16T15:06:26.180Z,-29.7295,-70.1233,10,4.6
2015-06-14T01:42:00.000Z,-32.925,-71.38,46.7,3.7
2015-06-01T18:12:27.000Z,-30.636,-70.307,10.2,4.3
2015-05-15T06:05:24.230Z,-29.5367,-71.2062,47.59,4.2
2015-05-13T14:40:19.490Z,-29.8158,-71.3867,59.36,4.4
2015-05-02T03:46:15.770Z,-30.3367,-71.8687,33.48,4.2
2015-04-26T17:54:31.500Z,-32.322,-71.79,36.2,4.8
2015-04-17T09:05:37.000Z,-32.693,-71.809,33.1,3.9
2015-04-14T17:38:42.000Z,-32.706,-71.723,26.3,3.8
2015-04-13T23:36:35.000Z,-31.051,-71.771,45,4.1
2015-04-01T08:17:27.860Z,-29.3442,-71.718,31.56,5.4
2015-03-31T19:23:48.190Z,-30.3524,-69.2255,29.67,4.4
2015-03-27T03:29:20.000Z,-29.912,-71.278,58.1,3.9
2015-03-26T17:45:08.000Z,-31.063,-71.798,30.5,4.4
2015-03-24T17:31:02.320Z,-32.25,-71.9165,21.43,3.9
2015-03-17T23:43:52.460Z,-29.5424,-71.6619,40.72,4.2
2015-03-17T12:43:56.730Z,-30.5364,-72.2625,9.84,4.5
2015-03-13T00:22:02.000Z,-32.699,-71.476,33.6,3.9
2015-03-05T21:30:32.000Z,-29.319,-71.111,60,5.3
2015-02-26T15:40:03.780Z,-30.2846,-71.6559,40.74,4
2015-02-16T20:33:47.000Z,-30.282,-71.53,35.5,4.8
2015-02-14T12:10:30.000Z,-32.572,-71.689,27.5,4.4
2015-02-11T17:07:17.500Z,-30.1665,-71.6112,56.43,4.7
2015-01-26T01:17:15.840Z,-31.0733,-71.7793,10.91,4.3
2015-01-21T17:33:38.000Z,-29.806,-71.246,59.1,4.1
2015-01-18T14:14:45.000Z,-30.929,-71.746,27.2,4.6
2015-01-18T03:59:59.000Z,-32.703,-71.703,25.8,4.8
2015-01-07T13:35:00.490Z,-32.7784,-71.7697,27.67,4
2015-01-06T02:12:14.560Z,-30.7366,-71.9782,34.63,4.3
2015-01-04T00:20:14.000Z,-29.396,-71.23,49.9,4.1
2014-12-27T22:06:07.170Z,-30.1588,-71.5814,22.49,4.4
2014-12-21T17:31:39.000Z,-32.568,-71.684,29.6,4.5
2014-12-15T00:32:19.000Z,-32.073,-71.57,25.1,4.4
2014-12-10T08:09:57.000Z,-32.138,-71.887,35.8,4.1
2014-12-03T03:21:14.000Z,-32.761,-71.78,26.1,3.8
2014-11-29T13:30:16.860Z,-29.6921,-71.5803,51.83,4.5
2014-11-28T08:22:07.020Z,-30.2434,-71.7013,25.68,4.3
2014-11-06T21:45:55.000Z,-32.501,-71.755,20.1,4.2
2014-10-19T23:05:09.900Z,-29.4969,-71.7165,52.68,4.3
2014-10-03T03:38:17.000Z,-31.759,-71.425,45.1,4.2
2014-09-25T20:29:52.000Z,-32.606,-71.732,33.6,4
2014-09-25T19:04:05.000Z,-31.597,-71.441,53.3,4.6
2014-09-18T23:43:25.000Z,-30.446,-72.099,35.1,4.2
2014-09-05T20:49:05.660Z,-30.6688,-71.5245,56.46,4.9
2014-08-31T20:33:19.000Z,-32.79,-72.04,20,4.4
2014-08-23T22:32:23.320Z,-32.6953,-71.4416,32,6.4
2014-07-30T13:41:54.030Z,-32.352,-71.987,19.85,4.5
2014-07-26T07:31:44.350Z,-30.3514,-72.2762,11.77,4.9
2014-07-25T01:16:50.000Z,-29.644,-71.457,35.1,4.1
2014-07-18T10:32:56.790Z,-30.8198,-71.7868,8.51,4.1
2014-07-13T03:16:52.000Z,-32.949,-71.255,44.1,4.8
2014-06-24T17:32:41.740Z,-32.6774,-71.6488,32.69,4.3
2014-06-24T11:23:33.000Z,-32.471,-71.761,27.9,4.2
2014-06-15T02:31:54.000Z,-32.649,-71.463,40.1,4
2014-06-12T12:28:53.000Z,-30.745,-70.564,52.6,4.8
2014-06-11T23:01:58.000Z,-30.021,-71.618,11.8,4
2014-06-08T08:13:52.000Z,-32.603,-71.679,15,4.4
2014-06-01T12:10:31.000Z,-32.786,-71.605,32,4
2014-05-28T10:27:06.000Z,-32.388,-71.516,59.6,4.5
2014-05-21T09:00:53.210Z,-30.452,-71.311,36.2,5.1
2014-05-17T17:55:48.000Z,-32.028,-71.059,51.6,3.9
2014-05-15T16:20:56.000Z,-32.935,-72.125,20.1,4.1
2014-05-15T13:28:14.000Z,-32.136,-71.762,25,4.5
2014-05-12T16:27:26.430Z,-29.566,-71.7309,30.78,4.5
2014-04-30T18:00:55.000Z,-32.723,-71.746,21.3,5.1
2014-04-19T18:05:20.920Z,-32.702,-71.604,28.7,4.4
2014-04-05T02:22:38.970Z,-32.7997,-71.5803,40.18,5.6
2014-03-09T15:48:43.000Z,-32.243,-71.587,25.4,4.5
2014-02-17T00:34:34.000Z,-31.712,-71.802,32.4,5.1
2014-02-02T04:40:16.000Z,-32.906,-72.601,38.4,3.8
2014-01-30T10:02:14.000Z,-32.118,-71.786,25.7,4.5
2014-01-05T15:09:27.870Z,-32.7094,-71.4031,52.02,4.5
2014-01-02T22:39:44.000Z,-32.961,-71.386,44.8,4.8
2014-01-01T23:42:15.000Z,-29.888,-71.621,40,4
2013-12-27T18:52:13.170Z,-32.089,-71.8492,17.29,4.8
2013-12-26T08:12:35.560Z,-30.5631,-71.8188,37.14,4.2
2013-12-18T23:51:49.000Z,-30.143,-71.991,57.5,4.1
2013-12-15T08:01:01.000Z,-30.771,-71.39,35.4,4.7
2013-12-06T21:00:42.000Z,-30.515,-71.982,2.4,4.6
2013-12-06T03:19:23.000Z,-32.224,-71.886,34.8,4.6
2013-12-02T10:12:26.770Z,-29.1596,-71.6949,32.34,4.5
2013-11-21T08:28:54.000Z,-31.485,-71.893,26.8,4.3
2013-11-01T02:45:59.000Z,-30.333,-71.428,50.2,4.6
2013-10-31T23:03:59.720Z,-30.2921,-71.5215,27,6.6
2013-10-29T03:40:49.000Z,-30.705,-71.279,46.9,4.7
2013-10-29T03:35:02.000Z,-29.494,-71.683,55.1,4.4
2013-10-09T13:19:06.000Z,-32.518,-71.702,31.8,4.5
2013-09-24T17:08:08.000Z,-29.833,-71.325,56.3,4.3
2013-09-24T14:36:44.000Z,-32.63,-71.572,40.2,4.8
2013-08-17T03:09:44.000Z,-32.997,-72.121,44.8,4.1
2013-08-15T10:26:46.000Z,-32.514,-71.642,48,4.6
2013-08-04T15:27:39.000Z,-32.504,-71.797,34.6,4.7
2013-08-02T15:33:03.000Z,-30.202,-69.526,15.8,4.3
2013-08-02T06:13:11.900Z,-29.4498,-71.9179,20.2,4.6
2013-07-28T02:04:47.940Z,-29.778,-72.108,9.5,4.1
2013-07-26T23:13:03.000Z,-29.774,-72.093,41.3,4.3
2013-07-25T17:26:32.880Z,-31.514,-72.087,6.9,4.4
2013-07-19T17:56:41.000Z,-29.961,-71.509,48.9,4.2
2013-06-28T02:08:14.100Z,-29.828,-71.598,5.2,4.5
2013-06-27T23:23:40.520Z,-29.584,-71.497,35,4.6
2013-06-19T15:24:31.200Z,-30.013,-71.459,27.4,4.8
2013-06-19T13:48:39.560Z,-29.647,-71.266,45.3,4.1
2013-06-19T05:24:27.000Z,-30.726,-71.801,37.1,4
2013-06-18T22:43:19.000Z,-30.719,-71.771,42.9,4.1
2013-06-13T09:44:28.000Z,-29.794,-71.262,46.6,4
2013-06-07T06:28:15.000Z,-32.524,-71.506,29.3,4.6
2013-06-06T06:40:02.000Z,-32.558,-71.376,27.2,4.5
2013-05-24T18:50:31.720Z,-30.51,-69.258,42.7,4.6
2013-04-14T21:50:43.000Z,-30.735,-71.847,12.6,4.4
2013-03-28T14:28:03.000Z,-30.285,-69.501,18.1,4.8
2013-03-18T20:40:12.970Z,-32.508,-71.972,20.4,4.7
2013-03-18T19:17:54.000Z,-32.442,-71.756,28,4
2013-03-18T19:15:03.000Z,-32.591,-71.828,14.2,4.6
2013-03-07T20:52:59.000Z,-32.692,-71.732,21.5,4.4
2013-03-02T11:47:57.090Z,-30.418,-71.422,52.1,4.1
2013-02-03T20:54:43.000Z,-32.335,-71.379,33.4,4.6
2013-02-02T20:16:05.000Z,-31.126,-71.433,53,4.6
2013-02-02T03:48:06.000Z,-32.532,-71.526,28.3,4
2013-01-30T21:13:58.000Z,-29.895,-69.452,9.8,4.3
2013-01-23T02:47:38.660Z,-31.699,-71.438,28.8,4.9
2013-01-07T08:13:36.000Z,-29.557,-71.039,36.4,4.4
2013-01-07T05:06:57.980Z,-32.911,-71.891,21.6,4.8
2013-01-05T12:08:58.080Z,-30.306,-72.009,10,4.8
2013-01-01T07:12:25.000Z,-30.265,-70.948,17.8,3
2012-12-28T13:50:34.000Z,-29.553,-71.068,39.7,4.5
2012-12-24T12:12:35.340Z,-29.037,-71.494,19.7,5.1
2012-12-20T06:16:32.000Z,-31.75,-70.742,21.4,4.5
2012-12-04T09:26:14.060Z,-32.71,-71.751,37.6,4.6
2012-12-02T18:56:24.000Z,-29.656,-71.383,50.6,4.3
2012-12-02T07:37:06.000Z,-31.138,-71.335,57.4,4.3
2012-11-29T00:49:01.000Z,-32.874,-69.093,9,4.1
2012-11-29T00:09:39.000Z,-32.91,-69.106,8,5
2012-11-25T05:18:32.000Z,-32.72,-71.69,21,4.1
2012-11-15T20:32:36.710Z,-32.666,-71.825,23.2,4.5
2012-11-13T04:32:44.820Z,-30.374,-72.232,3.4,4
2012-11-08T06:24:10.000Z,-32.71,-71.31,46,4.3
2012-11-07T15:16:27.130Z,-30.78,-71.934,33.6,4.6
2012-11-04T17:35:47.000Z,-31.768,-71.857,36,4.6
2012-11-04T14:33:06.000Z,-31.729,-71.885,43,4.2
2012-10-24T03:46:30.000Z,-31.698,-72.069,43.5,4.7
2012-10-20T00:25:48.000Z,-32.251,-72.141,21.7,4.3
2012-10-19T22:48:18.230Z,-31.758,-71.95,10,4.5
2012-10-19T05:35:22.000Z,-31.793,-72.024,42.5,4
2012-10-18T04:37:59.680Z,-31.827,-72.034,28.8,4.5
2012-10-15T21:04:20.600Z,-31.814,-71.787,24,5
2012-10-08T05:22:21.000Z,-29.411,-71.706,44.5,4.5
2012-10-08T01:41:34.000Z,-32.311,-71.769,10.6,4.1
2012-10-06T22:49:38.000Z,-32.127,-71.86,7.2,4.1
2012-10-06T03:18:15.210Z,-32.132,-72.107,9.2,4.6
2012-10-01T08:06:29.000Z,-30.786,-71.184,55.5,4.6
2012-09-18T03:53:30.000Z,-31.893,-69.262,26,4.4
2012-08-28T08:11:25.000Z,-32.418,-71.169,44.3,4.8
2012-08-04T13:11:46.000Z,-32.835,-69.175,33,4.3
2012-07-17T22:03:26.000Z,-31.298,-71.21,51.8,4
2012-07-07T10:52:15.280Z,-32.502,-71.6,32.8,4.8
2012-06-27T22:04:25.000Z,-32.676,-71.722,20.4,3.9
2012-06-23T18:14:21.000Z,-31.58,-71.856,42.3,4.7
2012-06-17T20:22:38.000Z,-31.739,-69.678,4,4.2
2012-06-08T01:38:24.360Z,-29.657,-72.753,10,4.2
2012-06-07T07:40:54.000Z,-31.643,-71.219,35.6,4.7
2012-06-04T23:31:03.000Z,-29.328,-71.214,47.4,4.2
2012-05-22T06:22:01.000Z,-32.244,-71.691,31,4.3
2012-05-21T11:13:33.000Z,-30.994,-71.648,58.9,4.4
2012-05-20T03:32:00.000Z,-30.782,-71.353,47.9,4.1
2012-05-17T06:50:54.000Z,-32.697,-71.816,28.7,4.6
2012-05-17T04:47:23.000Z,-32.728,-71.677,45,3.7
2012-05-11T19:41:20.890Z,-32.901,-71.878,12.6,4.3
2012-05-01T20:52:13.600Z,-30.813,-71.935,22.2,4.8
2012-05-01T02:43:34.000Z,-29.456,-70.77,57.2,4.6
2012-04-30T07:39:45.560Z,-29.868,-71.46,37,5.6
2012-04-28T20:46:48.490Z,-32.653,-71.829,5.3,4.1
2012-04-19T00:35:25.000Z,-32.447,-71.77,30.5,4.1
2012-04-17T23:37:36.000Z,-32.617,-71.591,25,3.8
2012-04-17T04:03:18.000Z,-32.553,-71.366,40.1,4.9
2012-04-17T03:50:15.610Z,-32.625,-71.365,29,6.7
2012-04-15T18:58:20.820Z,-32.385,-71.94,27,4.4
2012-03-30T04:37:47.000Z,-30.091,-71.536,16.3,4
2012-03-03T11:01:47.250Z,-30.348,-71.129,49,5.3
2012-02-27T23:23:10.000Z,-29.519,-71.141,46.2,3.8
2012-02-18T17:44:47.990Z,-32.097,-71.771,18,4.9
2012-02-10T04:07:51.000Z,-30.735,-71.222,38.1,4.1
2012-02-10T02:05:22.100Z,-30.791,-71.304,56.8,4.9
2012-02-01T02:43:19.000Z,-32.678,-71.336,52.1,4.8
2012-01-31T21:24:05.000Z,-32.664,-71.38,46.2,3.7
2012-01-24T17:07:54.730Z,-31.768,-71.998,35,4.5
2012-01-19T07:10:18.000Z,-31.654,-71.576,39,4.9
2012-01-17T23:26:01.000Z,-31.717,-71.703,37.8,4.9
2012-01-17T23:23:23.000Z,-31.728,-71.615,34.3,5.3
2012-01-17T23:21:35.040Z,-31.655,-71.499,32.9,5.6
2012-01-12T10:54:27.000Z,-32.805,-71.802,35.9,4
2012-01-09T21:30:51.000Z,-32.573,-71.594,21.4,5.2
2011-12-28T00:26:41.000Z,-32.641,-71.582,42.4,4
2011-12-05T19:47:51.580Z,-31.508,-71.824,22.1,4.9
2011-12-05T06:06:29.000Z,-32.093,-71.537,30.7,4.6
2011-11-15T05:10:06.000Z,-32.556,-71.663,40.1,4.7
2011-11-03T13:46:33.000Z,-31.303,-72.38,14.8,4.3
2011-11-03T09:57:21.510Z,-31.342,-72.066,10,4.6
2011-11-03T01:51:40.000Z,-31.396,-71.965,26.3,5
2011-10-16T10:39:47.000Z,-32.486,-71.459,48.1,4.9
2011-10-15T06:04:57.030Z,-30.554,-71.881,36.5,4.6
2011-09-28T17:07:57.420Z,-29.681,-71.095,40.3,4.9
2011-09-23T10:00:53.000Z,-31.255,-71.501,13.1,3.9
2011-09-14T15:08:57.790Z,-32.724,-71.957,23.4,4
2011-09-14T07:17:04.000Z,-32.63,-71.664,32.5,4.1
2011-09-14T07:03:51.000Z,-32.696,-71.797,37,5.8
2011-09-13T22:19:11.000Z,-32.625,-71.647,33,4.6
2011-09-05T03:18:15.000Z,-30.814,-72.091,30.3,4.4
2011-08-27T09:23:40.640Z,-31.623,-71.17,52.4,4.9
2011-08-25T03:28:02.000Z,-32.467,-71.54,12.7,3.7
2011-08-23T10:54:55.000Z,-31.241,-71.887,24.7,4.2
2011-08-21T04:33:07.000Z,-30.139,-71.448,49.5,4.3
2011-08-21T00:00:47.000Z,-30.792,-71.236,57.1,3.7
2011-08-16T00:57:08.000Z,-32.442,-71.378,22,3.6
2011-08-13T19:07:20.310Z,-30.387,-71.779,34.3,3.9
2011-08-04T02:13:28.000Z,-30.526,-72.155,38.3,4.3
2011-07-11T20:28:59.230Z,-29.299,-71.069,40.8,4.5
2011-07-05T02:25:19.000Z,-32.512,-71.552,42.9,4.3
2011-06-29T08:22:13.000Z,-32.237,-71.337,42.6,5
2011-06-22T08:41:25.270Z,-30.822,-71.365,43.8,4.2
2011-06-17T01:52:15.000Z,-30.624,-71.495,37.2,4
2011-06-15T10:29:55.000Z,-30.852,-71.292,43.3,4.2
2011-06-15T08:44:49.000Z,-29.007,-71.394,58.1,4
2011-06-13T05:19:55.000Z,-32.418,-71.222,45.6,4.7
2011-06-07T07:55:36.000Z,-32.793,-71.625,22.5,3.7
2011-05-24T19:38:23.540Z,-31.288,-71.947,18.2,4.4
2011-05-06T09:25:44.420Z,-30.6,-69.339,10,3.8
2011-05-03T06:35:41.830Z,-30.232,-69.229,48.3,4.5
2011-04-22T00:08:20.000Z,-30.816,-71.616,42,4.4
2011-03-18T11:32:37.410Z,-32.513,-71.601,44.2,4.4
2011-03-17T15:25:27.860Z,-32.531,-71.876,39.1,4.9
2011-03-17T11:14:24.000Z,-32.656,-71.763,13.4,5.2
2011-03-17T03:34:24.000Z,-32.638,-71.693,11.6,3.7
2011-03-17T03:23:53.000Z,-32.581,-71.631,11.6,4.3
2011-03-17T03:16:42.000Z,-32.542,-71.562,15,3.8
2011-03-17T00:55:02.000Z,-32.5,-71.61,30.8,5.1
2011-03-16T23:40:23.000Z,-32.559,-71.645,33.4,5
2011-03-16T22:36:16.000Z,-32.564,-71.726,32.7,5.5
2011-03-05T15:12:49.000Z,-30.719,-71.817,41.8,4.6
2011-02-11T22:20:40.000Z,-31.62,-71.279,31.4,4.1
2011-02-10T15:58:35.340Z,-32.629,-71.778,3.9,4.8
2011-02-07T00:29:48.000Z,-31.725,-71.707,34.3,4.1
2011-02-03T16:01:54.800Z,-30.067,-71.655,23.1,4.7
2011-01-30T21:48:28.000Z,-29.881,-71.503,50,4.8
2011-01-26T20:13:42.690Z,-31.646,-71.817,12.8,4.8
2011-01-23T06:21:48.000Z,-32.034,-71.849,21.9,4.5
2011-01-13T20:30:15.650Z,-29.389,-72.071,35,3.9
2010-12-23T04:24:01.000Z,-32.075,-71.95,31.8,4.3
2010-12-22T14:26:43.280Z,-31.931,-71.041,53.3,3.8
2010-12-16T05:59:51.000Z,-29.693,-71.104,28.4,4.5
2010-12-03T10:23:05.000Z,-31.534,-71.843,47.2,4.5
2010-11-30T01:59:44.000Z,-29.728,-71.651,44.9,4.8
2010-11-26T00:38:58.000Z,-32.499,-71.714,49.5,4.1
2010-11-24T10:09:06.500Z,-29.429,-71.092,50.9,4.5
2010-10-29T14:11:51.000Z,-29.454,-71.736,42.4,5.2
2010-10-28T13:21:28.000Z,-29.637,-71.086,38.3,4.1
2010-10-24T22:56:27.000Z,-29.959,-71.417,37.2,3.8
2010-10-23T01:38:14.000Z,-29.593,-71.112,44,5.6
2010-10-18T22:17:56.000Z,-31.704,-71.527,21.8,4.2
2010-09-12T21:08:42.000Z,-29.43,-71.795,60,5.2
2010-09-03T15:16:44.000Z,-30.689,-70.602,46.1,4.4
2010-08-29T04:43:34.000Z,-32.528,-71.81,41.1,4.1
2010-08-09T16:05:39.280Z,-32.773,-71.951,22.7,4
2010-08-04T01:23:48.000Z,-32.818,-71.84,37.9,3.8
2010-07-18T02:43:43.550Z,-30.75,-71.284,44.7,4.7
2010-07-15T04:19:23.000Z,-29.87,-71.529,49.8,4.5
2010-07-01T06:50:56.820Z,-31.882,-72.804,35,4.6
2010-06-25T14:33:55.000Z,-32.638,-71.789,35.7,4.8
2010-06-21T04:01:26.300Z,-31.516,-72.024,28.6,4.8
2010-06-11T04:09:31.000Z,-29.88,-71.353,47.6,4.1
2010-05-15T12:57:58.000Z,-32.685,-71.626,25.5,3.6
2010-05-13T14:29:05.000Z,-31.56,-71.4,48.7,4
2010-05-07T14:14:58.000Z,-30.637,-71.421,56.6,4
2010-04-22T16:52:33.390Z,-30.727,-72.199,35,4.5
2010-04-19T22:15:30.000Z,-32.465,-71.692,32.4,4
2010-04-19T08:51:18.140Z,-32.384,-71.614,50.1,4
2010-04-11T14:51:20.500Z,-32.992,-72.195,5.8,4.1
2010-04-11T14:50:38.500Z,-32.991,-72.204,6.7,4.1
2010-04-08T10:42:44.300Z,-29.982,-71.378,39.4,4.7
2010-04-07T19:35:45.400Z,-30.653,-71.143,39.9,2.9
2010-04-06T08:45:19.700Z,-30.055,-71.576,30.2,4.2
2010-04-04T22:39:08.800Z,-32.054,-71.414,30.5,3.8
2010-03-27T06:37:06.840Z,-32.402,-69.192,24.5,4.7
2010-03-19T11:04:45.000Z,-32.321,-71.302,42.9,3.7
2010-03-15T20:43:11.300Z,-32.891,-72.369,19.9,4.5
2010-03-09T20:37:49.410Z,-32.67,-71.669,21.3,4.9
2010-03-08T23:43:29.340Z,-32.569,-71.631,28.8,5
2010-03-08T22:26:00.050Z,-32.548,-71.595,35,4.3
2010-03-08T18:43:24.500Z,-32.714,-71.827,7.9,5.1
2010-03-08T18:18:51.890Z,-32.634,-71.721,23.6,5
2010-03-08T18:08:01.780Z,-32.614,-71.613,22.4,5.3
2010-03-08T17:50:45.820Z,-32.595,-71.641,23.8,5.3
2010-03-08T16:55:23.700Z,-32.753,-71.825,10.5,4.4
2010-03-08T16:49:51.780Z,-32.66,-71.644,21.8,5
2010-03-08T16:16:19.650Z,-32.67,-71.816,23.6,4.7
2010-03-08T15:30:20.200Z,-32.659,-71.69,12.2,4.1
2010-03-08T00:20:04.940Z,-32.847,-72.734,35,4.2
2010-03-06T14:37:32.150Z,-32.666,-71.851,35,4.7
2010-03-06T10:46:32.140Z,-32.596,-71.837,35,4.6
2010-03-05T21:15:48.600Z,-29.934,-71.917,31.7,5.2
2010-03-03T05:49:42.170Z,-32.626,-71.669,35,4.7
2010-03-02T21:56:43.040Z,-30.257,-69.02,36.2,5.1
2010-03-02T18:39:20.400Z,-32.935,-71.87,3.5,4.6
2010-03-01T17:47:05.640Z,-32.956,-72.152,35,4.2
2010-03-01T16:47:37.760Z,-32.985,-72.071,29.5,4.5
2010-03-01T15:07:55.880Z,-32.895,-72.069,35,4.4
2010-02-28T18:28:16.410Z,-32.991,-72.104,35,4.2
2010-02-28T02:35:16.330Z,-31.36,-70.703,35,4.5
2010-02-27T14:45:45.410Z,-31.457,-72.313,35,4.1
2010-02-27T12:41:49.630Z,-31.77,-69.19,39.6,4.9
2010-02-27T06:58:28.080Z,-31.72,-72.156,35,5.2
2010-02-27T06:51:17.650Z,-31.663,-69.141,39.8,6
2010-02-17T09:44:49.000Z,-29.997,-72.663,31.8,4.4
2010-01-20T13:23:16.740Z,-31.194,-69.129,35.3,4.8
2010-01-12T00:30:20.000Z,-29.922,-71.616,31.3,4.3
2010-01-11T23:01:52.700Z,-29.923,-71.591,10.9,4
2010-01-06T22:41:54.000Z,-32.666,-71.633,32.4,4.7
2009-12-10T21:42:35.000Z,-32.054,-71.507,27.2,3.6
2009-11-18T02:30:29.900Z,-32.626,-71.729,24.5,4.1
2009-11-18T02:11:56.000Z,-32.631,-71.652,5.1,3.4
2009-11-12T16:25:48.440Z,-32.758,-71.713,8.5,4.5
2009-11-07T22:41:53.000Z,-32.725,-71.774,15,3.4
2009-10-30T02:53:39.700Z,-32.798,-71.935,19.8,4.9
2009-10-30T01:27:44.000Z,-32.83,-71.881,9.4,5
2009-10-29T18:19:41.500Z,-32.807,-71.936,8.6,4.7
2009-10-28T06:52:20.600Z,-32.788,-72.075,10,4.1
2009-10-28T06:20:02.820Z,-32.744,-71.764,10,5
2009-10-28T06:19:36.900Z,-32.78,-71.94,8.3,4.1
2009-10-28T05:43:12.100Z,-32.787,-71.971,25.9,4.9
2009-10-21T12:40:19.370Z,-32.768,-71.762,23.2,5.1
2009-09-26T06:39:27.340Z,-32.36,-71.699,43.3,4.5
2009-09-25T15:47:23.750Z,-32.107,-71.608,47.5,5.1
2009-09-25T02:04:36.270Z,-32.369,-71.752,52.2,4.4
2009-09-21T17:23:35.000Z,-32.687,-71.502,34.4,3.8
2009-09-20T01:00:36.550Z,-32.301,-72.079,28.2,4
2009-09-11T00:04:26.430Z,-32.444,-71.79,36.4,4.7
2009-08-23T19:43:51.000Z,-29.753,-71.519,45,4.6
2009-08-19T02:14:52.700Z,-32.689,-71.871,15.1,3.7
2009-08-13T16:29:55.500Z,-31.07,-71.408,45.9,4.4
2009-08-08T13:56:08.000Z,-31.817,-71.287,47.3,3.5
2009-08-06T01:20:33.900Z,-32.406,-71.643,18.6,4
2009-08-05T16:34:35.200Z,-30.707,-71.318,43.4,4.2
2009-07-30T07:15:19.100Z,-30.695,-71.286,41.9,4.2
2009-07-29T01:53:26.600Z,-32.671,-72.015,15,4.6
2009-07-12T14:43:50.300Z,-30.653,-71.147,59.1,5.2
2009-07-07T16:46:15.330Z,-29.364,-71.126,48.9,5.4
2009-07-02T08:13:29.900Z,-32.459,-71.873,29.9,4.1
2009-06-29T04:08:39.100Z,-31.749,-71.633,32.3,4.1
2009-06-26T13:05:33.000Z,-31.735,-71.392,41.8,4.4
2009-06-19T20:35:52.000Z,-30.763,-71.263,58.7,4.5
2009-06-13T21:22:06.670Z,-30.647,-71.631,28.1,5
2009-06-02T03:52:21.640Z,-32.71,-69.012,26.4,4.9
2009-05-31T14:40:09.900Z,-29.755,-71.177,34.5,4
2009-05-16T12:14:12.600Z,-32.823,-71.298,52.7,4.1
2009-04-29T16:24:40.770Z,-29.999,-71.392,43.6,4.8
2009-04-17T18:17:53.000Z,-30.726,-71.418,43.1,4
2009-04-17T01:11:35.300Z,-29.863,-71.39,58.5,4.2
2009-04-02T17:39:27.780Z,-29.785,-71.512,35,4.2
2009-03-19T00:33:38.500Z,-31.772,-71.882,28.1,4.8
2009-03-13T10:44:41.800Z,-32.547,-71.627,25,4.5
2009-03-11T13:06:53.540Z,-31.885,-69.189,28,5.3
2009-03-06T21:03:57.400Z,-31.269,-72.172,8.1,4.4
2009-02-18T03:32:46.520Z,-29.041,-71.694,51.8,4.1
2009-02-17T19:24:42.010Z,-31.521,-71.485,47.5,4.4
2009-02-05T14:16:39.000Z,-32.904,-69.167,11,4.3
2009-02-04T23:22:01.900Z,-32.966,-72.032,13.4,4.4
2009-02-04T20:50:59.100Z,-32.976,-72.039,26,4.4
2009-02-03T19:39:21.630Z,-32.984,-71.986,26.7,4.5
2009-02-03T19:06:09.710Z,-32.984,-71.978,21.9,4.8
2009-01-15T20:38:23.000Z,-32.538,-72.106,5.9,4
2009-01-11T05:27:10.660Z,-31.656,-69.269,5.2,4.9
2009-01-04T22:25:45.000Z,-32.641,-71.83,22.1,4.5
2009-01-02T21:12:56.000Z,-30.122,-72.191,26,4.2
2008-12-31T01:50:13.200Z,-31.082,-71.407,46.5,2.6
2008-12-29T16:44:06.400Z,-31.719,-71.7,30.7,3.4
2008-12-29T14:21:22.200Z,-32.621,-71.754,14.8,3.2
2008-12-29T10:23:02.900Z,-32.58,-71.854,34.3,2.5
2008-12-29T05:41:52.400Z,-32.584,-71.582,30,2.7
2008-12-29T04:00:04.800Z,-32.501,-71.778,6.4,3.1
2008-12-28T08:16:31.300Z,-32.554,-71.868,35.5,3.4
2008-12-28T07:54:58.900Z,-32.227,-71.723,32.6,2.6
2008-12-28T07:17:29.900Z,-32.228,-71.716,27.3,2.5
2008-12-28T03:40:20.700Z,-32.243,-71.753,25,3.1
2008-12-28T01:09:21.800Z,-32.457,-71.828,14,3.1
2008-12-27T05:26:44.600Z,-32.447,-72.145,10.6,3
2008-12-24T11:46:06.300Z,-32.58,-71.85,11.1,2.8
2008-12-24T03:39:52.400Z,-31.872,-71.507,50.5,4.1
2008-12-23T22:59:17.600Z,-32.617,-71.847,5.8,4.3
2008-12-23T20:56:47.900Z,-32.394,-72.056,5.4,4.1
2008-12-23T08:26:07.500Z,-32.572,-71.931,13.2,2.8
2008-12-22T10:25:50.500Z,-32.539,-71.976,12.3,4.3
2008-12-21T04:13:45.920Z,-32.425,-72.179,10.9,4.1
2008-12-20T22:56:49.200Z,-32.32,-72.534,15.5,4
2008-12-20T16:43:10.390Z,-32.396,-71.981,23,4.9
2008-12-20T14:18:47.800Z,-32.475,-72.338,29.5,4.1
2008-12-20T12:50:06.870Z,-32.579,-72.027,34.3,3.5
2008-12-20T11:29:37.050Z,-32.501,-71.917,39.2,5
2008-12-20T03:12:23.100Z,-32.623,-71.842,14.6,4.1
2008-12-20T01:44:27.000Z,-32.602,-71.803,33.1,4.5
2008-12-19T21:33:10.700Z,-32.552,-71.957,32,4.4
2008-12-19T19:38:23.330Z,-32.575,-71.95,38.4,3.3
2008-12-19T19:25:54.080Z,-32.499,-71.751,23,4.9
2008-12-19T17:43:26.100Z,-32.612,-71.83,29.5,4.2
2008-12-19T16:48:50.200Z,-32.607,-71.99,12.6,5.2
2008-12-19T13:57:30.000Z,-32.584,-71.852,13.8,5.2
2008-12-19T13:21:18.690Z,-32.497,-72.137,35,4.1
2008-12-19T12:24:08.350Z,-32.404,-71.877,37.1,4
2008-12-19T11:43:22.270Z,-32.535,-72.001,27.5,4.2
2008-12-19T10:48:57.710Z,-32.435,-72.28,13.7,3.8
2008-12-19T10:30:09.720Z,-32.567,-72.331,21.4,3.4
2008-12-19T09:36:04.900Z,-32.458,-71.949,32.2,5.7
2008-12-19T09:25:14.620Z,-32.56,-72.045,28.9,3.6
2008-12-19T09:02:43.050Z,-32.399,-72.413,35.6,3.5
2008-12-19T08:25:49.290Z,-32.532,-71.953,31.7,4.2
2008-12-19T08:08:49.240Z,-32.456,-72.465,10,4.4
2008-12-19T08:06:35.620Z,-32.307,-72.538,10,3.5
2008-12-19T07:56:07.730Z,-32.506,-71.905,34.2,4.5
2008-12-19T07:30:06.000Z,-32.537,-72.02,12,5.4
2008-12-19T04:24:12.400Z,-32.474,-71.989,28.8,4.5
2008-12-19T03:48:30.900Z,-32.594,-71.994,14.9,4.2
2008-12-19T03:04:16.900Z,-32.491,-71.914,26.7,4.1
2008-12-19T01:08:25.100Z,-32.448,-72.002,15,4.2
2008-12-19T00:22:35.900Z,-32.475,-71.919,29.1,4.5
2008-12-19T00:01:02.100Z,-32.517,-71.878,15,4
2008-12-18T23:51:22.800Z,-32.474,-71.932,15,4.4
2008-12-18T23:38:05.800Z,-32.568,-71.856,15.2,3.6
2008-12-18T23:03:35.100Z,-32.5,-71.834,6.2,3.6
2008-12-18T22:33:29.000Z,-32.574,-71.926,14.6,4.2
2008-12-18T22:28:02.300Z,-32.497,-71.857,14.4,3.5
2008-12-18T22:01:19.700Z,-32.623,-71.868,7.9,3.7
2008-12-18T21:50:28.000Z,-32.473,-72.051,25,6
2008-12-18T21:46:44.400Z,-32.562,-71.892,4.4,3.8
2008-12-18T21:40:55.700Z,-32.515,-71.969,15,4
2008-12-18T21:26:30.800Z,-32.485,-71.91,29.7,4.8
2008-12-18T21:25:02.000Z,-32.487,-71.873,37.7,4.6
2008-12-18T21:19:28.380Z,-32.458,-71.726,18,6.2
2008-12-10T10:53:50.000Z,-32.938,-69.259,10,4.1
2008-12-08T13:58:43.840Z,-29.189,-71.126,53.8,4.7
2008-11-23T14:17:09.880Z,-29.561,-71.257,35,4.2
2008-11-19T17:17:32.900Z,-30.455,-71.906,45.8,3.8
2008-11-18T00:50:26.100Z,-30.033,-71.585,34.7,2.7
2008-11-15T16:51:09.400Z,-32.375,-71.809,24.7,3.4
2008-11-15T16:13:33.810Z,-32.09,-71.8,39,4.4
2008-11-15T11:16:48.000Z,-32.126,-71.817,31.7,3.1
2008-11-15T08:03:32.300Z,-32.573,-71.667,15.1,3
2008-11-14T19:31:30.600Z,-32.655,-71.644,23.4,3.2
2008-11-13T04:14:31.600Z,-29.917,-72.013,46.9,2.5
2008-11-11T19:24:23.400Z,-32.679,-71.659,13.9,2.9
2008-11-11T13:31:45.800Z,-31.999,-71.168,29.1,3.1
2008-11-11T12:04:36.600Z,-30.145,-71.679,15,3.8
2008-11-11T09:51:02.400Z,-32.577,-71.667,1.6,3.1
2008-11-11T08:14:51.900Z,-32.501,-71.996,15.8,3.1
2008-11-10T20:44:52.700Z,-32.555,-71.649,29.4,4.1
2008-11-10T15:52:58.200Z,-32.547,-71.615,14.2,2.6
2008-11-09T23:28:14.600Z,-30.823,-71.177,54.9,4.8
2008-11-07T11:26:26.740Z,-31.652,-69.347,10,4.5
2008-11-06T01:31:29.500Z,-31.508,-71.715,11.6,3.1
2008-11-05T22:34:52.520Z,-31.371,-72,35,4.1
2008-11-04T04:40:06.600Z,-31.666,-71.255,50.2,3.3
2008-11-02T10:22:10.900Z,-32.451,-71.261,49.3,3.1
2008-11-01T17:46:41.500Z,-31.996,-71.524,30.8,3.5
2008-11-01T05:50:58.100Z,-32.115,-71.545,27.3,3.1
2008-11-01T05:29:51.000Z,-32.124,-71.736,27.1,2.9
2008-11-01T03:07:25.900Z,-32.513,-71.874,15,2.5
2008-10-28T15:23:51.120Z,-32.479,-71.88,36.4,4.7
2008-10-21T18:49:22.400Z,-29.819,-71.971,43.8,3
2008-10-20T12:20:48.900Z,-32.381,-71.297,44.1,3.5
2008-10-18T07:38:40.100Z,-29.904,-71.563,56.1,4.1
2008-10-17T02:02:27.600Z,-29.948,-71.138,51.6,3.7
2008-10-17T01:34:12.700Z,-32.248,-71.762,11.3,3.5
2008-10-15T15:59:29.000Z,-32.645,-71.6,23.7,3.3
2008-10-15T10:12:18.200Z,-30.675,-71.632,36.2,3.9
2008-10-14T21:19:33.200Z,-32.967,-72.065,11.5,3.1
2008-10-12T19:05:12.400Z,-29.725,-71.229,58.7,3.6
2008-10-07T11:30:35.900Z,-32.164,-71.64,32,2.6
2008-10-07T09:22:13.600Z,-32.514,-71.733,15,2.6
2008-10-07T09:12:59.800Z,-32.192,-71.719,26.1,3
2008-10-07T06:40:15.400Z,-32.045,-71.648,33.4,3
2008-10-07T05:33:49.400Z,-30.205,-71.474,40.5,3.8
2008-10-06T07:14:25.400Z,-31.951,-71.432,34.6,2.5
2008-10-01T17:31:08.200Z,-32.505,-71.181,15,2.7
2008-09-27T09:31:45.100Z,-32.643,-71.625,10.9,2.7
2008-09-25T08:20:23.100Z,-31.672,-71.242,13.2,3
2008-09-23T22:43:13.100Z,-32.347,-71.834,23.1,2.6
2008-09-22T04:56:51.300Z,-31.33,-71.907,30,3
2008-09-22T04:51:39.900Z,-30.169,-71.588,22.2,4.5
2008-09-20T15:17:47.700Z,-30.736,-71.657,16.5,3.2
2008-09-18T22:23:10.000Z,-32.623,-71.725,1.9,2.7
2008-09-18T21:02:51.000Z,-30.811,-71.593,15,3.4
2008-09-18T02:40:10.200Z,-30.707,-71.613,16.1,3.4
2008-09-17T22:53:12.500Z,-30.725,-71.535,30.5,4.8
2008-09-14T18:14:40.300Z,-30.212,-71.521,13.9,2.7
2008-09-14T07:28:44.200Z,-31.612,-71.753,31.2,3
2008-09-14T07:19:19.200Z,-31.613,-71.779,21.9,2.9
2008-09-12T22:50:15.000Z,-30.435,-71.56,41.5,2.6
2008-09-12T03:51:17.900Z,-32.541,-71.647,3.6,3
2008-09-11T06:31:17.700Z,-32.465,-71.714,27.1,3.4
2008-09-09T23:23:36.200Z,-32.591,-71.477,6.3,2.9
2008-09-08T10:33:19.800Z,-32.304,-71.468,35.6,3.3
2008-09-07T09:06:40.400Z,-32.673,-71.479,15.4,2.9
2008-09-07T07:28:49.900Z,-32.654,-71.588,7.5,2.6
2008-09-05T01:11:22.000Z,-32.595,-71.605,22.8,4
2008-09-04T06:18:52.100Z,-30.009,-71.918,35,4.5
2008-09-02T23:24:35.600Z,-31.081,-71.621,35.1,3.4
2008-09-02T04:28:44.200Z,-32.599,-71.637,15.1,2.7
2008-08-31T01:15:49.300Z,-31.995,-71.622,19.1,2.9
2008-08-29T14:02:25.800Z,-31.042,-71.574,37.6,4
2008-08-29T08:26:20.600Z,-32.89,-69.181,22.3,3.8
2008-08-28T08:48:51.900Z,-31.755,-71.856,6.7,2.9
2008-08-28T07:44:35.500Z,-31.762,-71.821,7.1,2.8
2008-08-28T07:21:58.600Z,-32.556,-71.659,12,3.4
2008-08-25T22:43:56.700Z,-32.228,-71.849,10.9,3
2008-08-25T02:30:57.800Z,-32.142,-71.817,6.4,3.4
2008-08-24T20:23:04.500Z,-32.145,-71.832,8.4,3.3
2008-08-24T19:23:59.800Z,-32.153,-71.831,3.8,3.3
2008-08-23T23:37:46.900Z,-29.172,-71.624,5,3
2008-08-22T14:01:37.000Z,-32.337,-71.523,15.1,3
2008-08-22T03:32:18.800Z,-30.804,-71.909,32.1,3.9
2008-08-22T03:28:04.400Z,-30.523,-71.579,48,3
2008-08-20T17:03:13.700Z,-32.313,-72.236,25,3.4
2008-08-19T11:31:51.000Z,-32.559,-71.631,15.1,3.5
2008-08-19T10:13:39.900Z,-32.302,-71.265,40.5,3.4
2008-08-18T21:18:13.200Z,-32.747,-71.687,15,2.6
2008-08-18T20:53:43.400Z,-32.661,-71.606,12.7,2.9
2008-08-18T00:24:53.800Z,-32.257,-71.552,26.5,3.5
2008-08-17T20:25:38.300Z,-31.724,-71.613,58.2,2.6
2008-08-17T06:49:59.800Z,-31.327,-71.665,3.3,3.2
2008-08-16T20:17:05.300Z,-32.713,-71.724,12.5,3.4
2008-08-16T17:41:51.400Z,-32.628,-71.947,15,3.4
2008-08-15T14:17:43.700Z,-32.765,-71.555,15.1,3.3
2008-08-14T05:41:25.700Z,-32.129,-71.726,27.8,2.5
2008-08-13T10:10:35.300Z,-32.681,-71.629,15,3.1
2008-08-12T03:48:47.400Z,-32.549,-71.829,13.6,2.9
2008-08-11T09:15:37.500Z,-32.147,-71.574,25.3,2.9
2008-08-11T09:02:33.800Z,-32.143,-71.546,25.1,3.4
2008-08-10T08:52:11.600Z,-32.293,-71.598,15,3.1
2008-08-09T00:08:37.300Z,-29.021,-71.23,20.5,3.9
2008-08-07T23:05:24.900Z,-30.932,-71.659,26.2,3.5
2008-08-06T10:22:14.100Z,-32.308,-71.457,3,3.5
2008-08-04T09:58:56.500Z,-29.851,-72.054,25.7,3
2008-08-02T15:43:09.900Z,-31.971,-71.235,44.9,3.8
2008-08-01T21:56:17.300Z,-32.803,-71.592,27.6,3.1
2008-07-31T06:59:00.400Z,-32.684,-71.583,40.4,3.7
2008-07-29T15:12:53.400Z,-32.643,-71.691,26.1,3.2
2008-07-29T13:44:25.600Z,-31.841,-71.45,43.9,3.5
2008-07-26T07:21:52.300Z,-32.25,-72.41,20.8,3.8
2008-07-26T05:07:45.700Z,-32.648,-71.565,31.6,2.9
2008-07-25T21:19:08.400Z,-31.763,-71.91,19.7,3.6
2008-07-25T15:42:08.800Z,-31.735,-71.912,22.8,3.5
2008-07-25T15:10:28.600Z,-31.752,-71.871,25.3,3.8
2008-07-22T20:49:40.800Z,-32.084,-71.733,23.7,2.7
2008-07-21T11:39:06.400Z,-32.102,-72.245,29.4,3.3
2008-07-20T05:19:57.100Z,-32.222,-71.859,9.1,2.8
2008-07-19T19:57:54.200Z,-29.487,-71.9,45,3.9
2008-07-19T12:59:10.400Z,-31.775,-72.072,4.8,3.5
2008-07-19T02:40:42.200Z,-31.802,-72.099,5.6,3.9
2008-07-19T00:26:21.400Z,-32.197,-71.881,21.6,2.8
2008-07-18T13:59:04.100Z,-32.215,-71.894,28,3.2
2008-07-18T12:57:11.500Z,-32.209,-71.857,23.3,3.3
2008-07-18T12:32:39.500Z,-32.21,-71.843,26.1,3.4
2008-07-18T07:07:33.700Z,-32.634,-71.653,15.2,2.5
2008-07-18T06:44:27.700Z,-32.044,-72.051,29,3.5
2008-07-18T04:14:22.300Z,-31.809,-72.038,7.4,3.2
2008-07-18T03:41:12.400Z,-32.711,-71.022,55.5,3.2
2008-07-18T00:42:59.200Z,-31.855,-71.313,37.3,3.5
2008-07-17T20:46:22.600Z,-32.128,-72.173,35.9,4.1
2008-07-17T18:26:06.600Z,-31.891,-72.147,33.7,3.6
2008-07-17T13:42:44.100Z,-32.148,-72.1,9.3,4
2008-07-17T12:56:53.000Z,-31.833,-72.019,52.7,3.6
2008-07-17T05:03:51.900Z,-32.049,-72.159,20.3,3.1
2008-07-16T23:59:25.900Z,-32.238,-72.143,22.3,3.3
2008-07-16T21:57:55.600Z,-31.929,-72.341,43.2,3.3
2008-07-16T17:03:25.200Z,-32.113,-72.166,27,3.4
2008-07-16T16:43:52.100Z,-32.065,-72.256,25,3.5
2008-07-16T16:08:32.700Z,-32.087,-72.161,29.1,4
2008-07-16T12:22:50.200Z,-32.128,-72.115,33.2,3.2
2008-07-16T07:51:04.500Z,-32.11,-72.088,41.4,3.6
2008-07-16T07:26:04.800Z,-32.158,-72.07,30.5,3.8
2008-07-16T06:47:40.000Z,-31.757,-72.151,2.1,4
2008-07-16T06:03:37.200Z,-31.757,-72.159,4,3.4
2008-07-16T04:26:20.500Z,-32.138,-72.23,27.2,3.3
2008-07-16T02:47:42.100Z,-32.385,-71.637,30.5,2.8
2008-07-16T02:10:43.000Z,-31.753,-72.062,28.6,3
2008-07-15T23:34:30.700Z,-32.2,-72.153,22.7,2.9
2008-07-15T21:35:15.700Z,-32.578,-71.992,26.9,2.6
2008-07-15T03:39:43.000Z,-31.814,-72.231,3.7,4
2008-07-15T01:51:58.900Z,-32.569,-72.044,15,3.2
2008-07-14T22:04:51.300Z,-32.111,-72.084,31.2,3.2
2008-07-14T17:22:41.600Z,-32.56,-72.005,15,4.5
2008-07-14T02:11:43.900Z,-32.026,-72.099,23.4,2.9
2008-07-13T05:29:26.500Z,-31.886,-72.249,16.2,3.2
2008-07-12T02:33:45.800Z,-32.679,-71.656,15.4,3.4
2008-07-11T07:08:45.600Z,-32.103,-71.52,51.6,2.6
2008-07-08T12:08:39.700Z,-30.879,-71.642,27.3,4.8
2008-07-08T03:02:27.600Z,-31.585,-72.166,31.9,4.2
2008-07-07T23:17:02.500Z,-32.946,-69.059,9.7,3.2
2008-07-07T03:41:40.600Z,-31.956,-71.671,30.5,2.9
2008-07-03T23:04:50.800Z,-32.484,-71.386,42,4.3
2008-07-03T15:19:39.200Z,-32.559,-71.478,30.2,3.6
2008-07-02T10:59:47.500Z,-32.016,-71.471,37,3.7
2008-07-02T09:13:34.000Z,-30.614,-72.468,35.6,2.6
2008-07-01T05:43:11.600Z,-30.92,-71.661,15.3,2.7
2008-06-30T08:30:20.100Z,-32.405,-71.538,50,3.7
2008-06-30T00:41:56.400Z,-32.413,-69.349,23.5,2.5
2008-06-29T00:42:16.500Z,-32.312,-71.15,53.6,3.8
2008-06-27T05:34:11.000Z,-29.272,-71.659,42.4,3.5
2008-06-26T05:28:27.700Z,-32.644,-71.632,34.7,2.5
2008-06-26T02:42:34.300Z,-30.55,-71.358,53.9,2.5
2008-06-25T22:52:03.100Z,-32.52,-71.769,15,3
2008-06-17T01:27:55.200Z,-32.444,-71.157,45.2,3.4
2008-06-16T21:02:34.970Z,-32.415,-71.168,55.2,4.8
2008-06-16T09:28:36.600Z,-31.564,-71.789,20.9,4.1
2008-06-15T14:20:22.600Z,-32.104,-71.479,36.7,3.4
2008-06-15T06:13:48.600Z,-31.868,-71.929,22,4.4
2008-06-11T19:56:19.200Z,-32.68,-71.721,33.1,3.5
2008-06-06T05:10:58.100Z,-30.048,-72.077,28.6,4.3
2008-06-04T09:24:54.100Z,-30.303,-71.574,33.3,4.6
2008-05-25T13:22:58.690Z,-31.477,-71.904,51,4.7
2008-05-23T10:27:23.000Z,-30.246,-72.199,41.5,3.7
2008-05-22T01:56:57.590Z,-30.322,-71.624,35,4.7
2008-05-22T01:34:04.940Z,-30.221,-71.935,26.5,4.9
2008-05-18T17:14:50.700Z,-31.232,-71.967,24.8,4.7
2008-05-18T14:54:40.200Z,-32.418,-71.684,27.5,3.1
2008-05-16T23:41:00.500Z,-32.125,-71.54,43.3,3.9
2008-05-11T18:58:30.200Z,-32.695,-71.691,18.7,2.5
2008-05-09T17:48:08.800Z,-32.543,-71.688,28.7,3.2
2008-05-08T16:19:47.500Z,-30.282,-72.199,41.4,3.6
2008-05-08T07:14:45.400Z,-31.718,-71.217,44.1,3.9
2008-05-06T05:32:41.400Z,-32.769,-72.008,15.1,2.5
2008-05-04T14:07:32.400Z,-32.642,-71.598,33.8,3.6
2008-05-04T10:02:43.600Z,-31.719,-71.773,29.9,3
2008-05-02T16:47:54.700Z,-32.647,-71.858,15,2.8
2008-05-02T06:01:37.400Z,-29.621,-70.937,43.9,4.4
2008-04-28T05:21:17.900Z,-32.765,-71.802,36.4,3.3
2008-04-27T09:15:39.000Z,-32.704,-71.842,15.5,2.9
2008-04-21T02:51:53.200Z,-32.178,-71.879,24.6,2.5
2008-04-15T23:39:06.100Z,-31.837,-70.54,42.9,3.9
2008-04-15T21:40:10.600Z,-30.691,-71.837,22.7,3.2
2008-04-13T07:29:25.600Z,-32.795,-71.532,0.2,3.3
2008-04-12T21:21:57.900Z,-32.521,-71.698,29.7,4
2008-04-07T12:15:58.000Z,-30.887,-71.49,36.1,4.1
2008-04-06T22:24:31.300Z,-32.309,-71.841,30.1,3.3
2008-04-06T10:01:51.600Z,-32.738,-71.775,21.2,3
2008-04-03T17:22:44.000Z,-32.493,-71.528,56.7,4
2008-04-03T03:25:17.400Z,-31.455,-71.609,25,3.5
2008-04-01T21:16:21.400Z,-31.583,-71.703,22.5,2.9
2008-04-01T14:38:17.000Z,-31.832,-72.086,10.6,4.1
2008-04-01T06:54:36.600Z,-29.404,-70.199,36.1,3.9
2008-04-01T02:57:53.300Z,-29.842,-71.62,10.1,4.5
2008-03-31T20:58:05.300Z,-32.511,-71.701,30.1,4.4
2008-03-31T19:03:23.400Z,-31.438,-71.665,8.6,2.7
2008-03-28T11:51:14.200Z,-30.421,-71.634,33.8,3.7
2008-03-28T06:01:27.300Z,-32.251,-71.759,37.9,3.6
2008-03-26T08:46:24.000Z,-32.437,-71.515,45.7,4
2008-03-25T21:56:26.900Z,-32.667,-71.665,27.6,2.6
2008-03-25T04:40:22.700Z,-32.713,-71.678,11.3,3.1
2008-03-25T02:17:18.500Z,-32.307,-71.89,37.2,3.6
2008-03-24T20:55:43.700Z,-30.181,-72.569,40,3.6
2008-03-23T19:36:21.200Z,-30.79,-71.539,34.9,3.3
2008-03-23T01:52:03.300Z,-32.815,-71.547,27,2.5
2008-03-21T10:12:02.200Z,-31.992,-71.396,31,2.6
2008-03-19T15:44:21.420Z,-29.901,-71.44,53.8,4.7
2008-03-19T10:32:47.300Z,-32.707,-71.74,29.5,3.6
2008-03-18T20:16:37.800Z,-29.764,-71.744,42.5,3.4
2008-03-16T00:41:00.800Z,-30.712,-71.646,19.2,3.4
2008-03-15T01:42:37.600Z,-32.721,-71.75,34,3
2008-03-14T06:46:38.100Z,-32.205,-72.124,5.9,2.6
2008-03-14T05:32:54.400Z,-30.36,-71.532,42.3,2.9
2008-03-14T03:58:26.500Z,-32.649,-71.587,10.3,2.8
2008-03-13T01:48:38.700Z,-31.201,-71.689,41.7,4
2008-03-12T03:24:56.600Z,-32.374,-71.402,45.1,3.4
2008-03-11T19:19:26.500Z,-32.262,-71.871,42.2,3.6
2008-03-10T07:47:37.400Z,-29.802,-71.332,38.8,4.1
2008-03-09T19:46:17.200Z,-31.767,-71.336,43.3,3.4
2008-03-08T08:48:16.200Z,-31.994,-71.52,33.7,3.1
2008-03-07T08:34:34.400Z,-32.748,-71.761,23.4,3.4
2008-03-06T21:38:57.900Z,-29.887,-71.733,46.6,4.5
2008-03-06T12:40:11.000Z,-32.392,-71.501,45.5,4.1
2008-03-06T07:16:46.000Z,-31.814,-71.66,56.2,3.4
2008-03-06T01:24:03.400Z,-31.83,-71.654,15.5,3.6
2008-03-05T22:30:13.700Z,-30.267,-71.107,53.7,3
2008-03-03T13:09:51.800Z,-32.554,-71.72,32.1,2.8
2008-03-02T09:37:08.400Z,-32.714,-71.699,34,2.6
2008-03-01T16:28:31.600Z,-32.658,-71.096,5.2,2.6
2008-03-01T12:57:21.900Z,-32.747,-71.569,52.5,3.4
2008-02-29T15:20:16.600Z,-32.617,-71.666,40,3.7
2008-02-29T14:57:48.900Z,-32.71,-71.467,11.3,3.2
2008-02-28T22:47:57.300Z,-32.603,-71.527,15.3,3.1
2008-02-28T06:46:53.100Z,-32.286,-71.839,32.2,3.6
2008-02-27T14:41:33.200Z,-30.692,-71.339,46.4,4
2008-02-25T23:55:03.400Z,-31.689,-69.526,1.1,3.6
2008-02-24T22:20:51.500Z,-30.475,-69.419,0.1,4.2
2008-02-24T18:09:11.900Z,-30.403,-71.083,53,4.4
2008-02-24T07:58:44.600Z,-32.591,-71.616,51.4,3.7
2008-02-23T08:12:54.500Z,-32.758,-71.803,15.8,2.8
2008-02-21T20:32:59.300Z,-30.921,-71.386,56,3.9
2008-02-21T17:00:59.500Z,-30.702,-71.771,37.6,4.2
2008-02-20T07:10:48.600Z,-32.532,-71.536,55.3,2.5
2008-02-19T11:40:58.000Z,-32.637,-71.734,33.9,3
2008-02-19T07:44:56.200Z,-32.579,-71.538,36.5,3.9
2008-02-19T06:38:25.900Z,-31.076,-71.372,56.6,3.6
2008-02-18T10:08:45.900Z,-31.671,-71.506,44.3,4
2008-02-18T00:16:41.900Z,-30.851,-71.615,38.8,2.8
2008-02-17T00:11:10.300Z,-29.94,-70.144,5.4,2.7
2008-02-16T22:36:01.100Z,-32.658,-71.704,17.1,2.8
2008-02-16T13:27:39.500Z,-30.135,-70.317,41.7,4.2
2008-02-16T08:37:10.800Z,-30.941,-71.652,18.2,3.5
2008-02-15T23:11:05.400Z,-31.681,-71.583,59.1,3.7
2008-02-15T13:31:20.200Z,-30.568,-71.05,18.6,4.1
2008-02-15T08:01:48.300Z,-32.663,-71.672,33.1,3.4
2008-02-15T07:11:38.200Z,-32.687,-71.67,21.9,2.7
2008-02-14T08:40:14.200Z,-29.948,-71.566,42.7,4.1
2008-02-13T03:00:44.800Z,-32.647,-71.715,31.3,3
2008-02-12T01:11:53.800Z,-32.694,-71.845,15,2.8
2008-02-05T23:19:03.200Z,-32.65,-71.639,16.9,3.8
2008-02-05T02:35:35.900Z,-30.752,-71.715,22.2,3.5
2008-02-03T15:43:17.800Z,-29.509,-70.563,37.6,3.7
2008-02-03T12:00:31.500Z,-32.376,-71.467,45.1,2.8
2008-02-03T03:16:32.500Z,-32.411,-71.498,45.8,4.4
2008-02-02T21:46:46.800Z,-32.324,-71.701,11.8,2.9
2008-02-02T02:03:16.000Z,-30.954,-71.675,19.1,4.1
2008-02-01T23:12:44.400Z,-29.943,-71.467,40.3,3.5
2008-02-01T04:01:17.900Z,-32.875,-70.729,46.1,3.1
2008-01-29T21:49:06.400Z,-32.754,-71.71,14.2,3.4
2008-01-28T10:47:11.300Z,-31.63,-71.626,25.4,2.9
2008-01-28T07:01:34.000Z,-30.828,-71.875,30,4.9
2008-01-25T13:11:26.900Z,-32.558,-71.713,42.7,3.9
2008-01-24T07:05:57.700Z,-32.193,-71.714,7.5,2.8
2008-01-23T08:53:06.700Z,-30.106,-69.404,10,3.8
2008-01-20T21:09:30.700Z,-30.883,-71.309,59.2,3
2008-01-20T01:29:13.700Z,-29.87,-71.585,28.4,3.1
2008-01-18T06:57:17.200Z,-32.655,-71.798,15,4.4
2008-01-17T20:57:31.500Z,-30.895,-71.386,47.7,2.6
2008-01-13T17:29:26.400Z,-31.786,-71.516,44.2,3.6
2008-01-13T16:03:41.700Z,-31.78,-69.946,1.1,2.8
2008-01-11T11:30:16.000Z,-32.563,-71.736,28.8,3.1
2008-01-10T01:59:24.400Z,-30.628,-72.122,24.4,4.1
2008-01-10T01:38:29.400Z,-30.527,-72.189,28.3,4
2008-01-09T11:09:55.740Z,-30.449,-71.945,46.8,4.7
2008-01-09T10:28:21.170Z,-30.56,-71.925,28.1,4.8
2008-01-05T08:46:50.500Z,-32.809,-71.767,34.5,3
2008-01-02T03:44:00.800Z,-32.714,-71.747,30.8,3.6
2008-01-02T03:14:20.400Z,-32.62,-71.776,26.7,2.5
2008-01-01T18:09:14.700Z,-32.078,-71.841,30.5,3
2007-12-21T11:17:43.500Z,-32.701,-71.871,17.4,3.6
2007-12-20T11:13:39.600Z,-32.71,-71.652,8.8,4.3
2007-12-20T04:26:12.400Z,-32.464,-71.643,43.2,3.8
2007-12-20T04:22:36.300Z,-32.763,-71.753,29.2,3.1
2007-12-20T03:22:03.400Z,-32.695,-71.812,29.6,4.9
2007-12-20T03:18:08.800Z,-32.699,-71.741,20.9,4.5
2007-12-20T03:15:47.900Z,-32.784,-71.749,30.4,3.5
2007-12-20T03:06:56.200Z,-32.713,-71.788,30.1,5.5
2007-12-18T09:24:45.800Z,-32.719,-71.77,27.4,2.8
2007-12-18T00:48:04.300Z,-32.678,-71.724,21.3,3
2007-12-17T17:34:12.500Z,-32.715,-71.691,22.4,3.1
2007-12-17T11:48:13.600Z,-32.658,-71.708,9.1,4.1
2007-12-17T11:29:43.700Z,-32.722,-71.72,32.9,3.4
2007-12-17T09:41:37.300Z,-32.697,-71.69,5.1,3.1
2007-12-17T06:38:24.300Z,-32.756,-71.784,24.3,3.6
2007-12-17T06:29:51.600Z,-32.709,-71.812,12.8,4.8
2007-12-17T00:31:32.300Z,-32.737,-71.711,20.8,3.4
2007-12-17T00:27:49.700Z,-32.682,-71.767,28.2,3.8
2007-12-16T15:53:12.600Z,-32.758,-71.684,24.9,4
2007-12-16T03:34:57.800Z,-32.751,-71.793,21.4,2.8
2007-12-16T00:20:49.100Z,-32.771,-71.811,14.1,3.9
2007-12-15T18:54:27.620Z,-32.666,-71.651,15.2,4.7
2007-12-15T18:22:27.160Z,-32.689,-71.695,25,5.9
2007-12-15T15:36:11.900Z,-31.672,-71.051,42.1,4.3
2007-12-10T02:56:16.500Z,-29.753,-71.595,48,3.5
2007-12-09T15:19:25.800Z,-30.324,-71.366,55.8,4.7
2007-12-09T15:12:23.300Z,-32.732,-71.706,46.6,3.5
2007-12-07T11:14:08.600Z,-29.936,-71.43,36.9,3.2
2007-12-07T05:17:17.400Z,-32.37,-71.614,40.9,2.6
2007-12-06T09:13:39.500Z,-32.765,-71.162,49.3,3.5
2007-12-06T08:20:29.900Z,-32.724,-71.781,24.9,2.6
2007-12-04T06:42:34.700Z,-32.693,-71.747,32.6,3.1
2007-12-03T03:58:43.200Z,-32.43,-71.68,32.5,2.6
2007-11-25T13:20:01.000Z,-31.542,-71.461,41.3,4.6
2007-11-23T07:54:42.800Z,-31.19,-70.928,26.8,3.1
2007-11-16T18:57:32.000Z,-32.304,-71.351,40.9,4.1
2007-11-11T08:06:50.400Z,-32.679,-71.822,15.2,2.5
2007-11-11T07:40:45.900Z,-29.115,-71.054,9.1,3.7
2007-11-10T21:16:49.100Z,-30.562,-71.505,29.9,3.5
2007-11-06T23:16:03.300Z,-31.849,-69.371,5,3.8
2007-11-04T06:22:08.600Z,-32.651,-71.595,12.3,2.9
2007-11-03T05:27:29.500Z,-32.247,-71.767,27.7,2.5
2007-11-01T06:33:14.800Z,-33,-72.194,25.6,2.5
2007-11-01T01:53:08.800Z,-32.894,-71.883,2.1,3.2
2007-10-31T14:15:59.900Z,-32.214,-71.76,9.9,2.6
2007-10-31T13:03:39.000Z,-32.19,-71.797,22.9,2.9
2007-10-31T05:34:38.700Z,-32.199,-71.755,11,3.6
2007-10-31T00:31:35.700Z,-29.417,-70.999,38.3,3.3
2007-10-31T00:07:01.600Z,-30.923,-71.848,24,4.3
2007-10-30T15:01:08.900Z,-30.691,-71.88,28.8,4.4
2007-10-29T02:53:10.300Z,-29.732,-72.921,33.2,3.6
2007-10-27T15:59:40.900Z,-32.874,-72.943,9.2,3.1
2007-10-26T06:08:16.400Z,-30.251,-71.319,51.1,3.1
2007-10-23T17:55:31.300Z,-29.626,-72.67,47.3,3
2007-10-21T20:05:16.100Z,-31.449,-71.709,29.4,2.7
2007-10-21T05:16:19.300Z,-30.024,-71.571,36.6,4.4
2007-10-21T00:14:38.300Z,-32.65,-71.626,28.8,2.9
2007-10-20T21:07:18.800Z,-31.719,-70.57,10.3,2.5
2007-10-20T19:00:09.500Z,-32.712,-71.129,1.7,2.6
2007-10-19T07:30:58.900Z,-32.347,-69.286,11.9,4
2007-10-19T06:43:50.200Z,-32.397,-69.316,5,2.6
2007-10-18T23:59:57.500Z,-30.775,-69.155,0.4,4.3
2007-10-18T19:42:09.000Z,-32.677,-71.09,5.4,2.5
2007-10-17T20:22:35.700Z,-32.623,-71.045,33.4,2.7
2007-10-16T23:06:41.900Z,-29.729,-71.548,28.5,3.5
2007-10-11T15:36:06.100Z,-30.445,-71.381,44.6,3.4
2007-10-11T12:34:30.500Z,-30.845,-71.671,31.4,4.3
2007-10-10T19:21:58.700Z,-32.972,-70.03,2.4,2.5
2007-10-10T07:52:58.400Z,-29.455,-71.379,38.7,2.7
2007-10-09T01:59:15.400Z,-32.159,-71.641,56.3,3.6
2007-10-09T01:07:38.300Z,-32.674,-71.674,30.1,2.5
2007-10-08T23:45:37.600Z,-32.447,-72.694,34.3,4.3
2007-10-08T18:04:18.300Z,-31.3,-71.825,28.3,3.6
2007-10-08T16:30:19.790Z,-32.673,-71.637,35,4.8
2007-10-08T09:29:29.000Z,-30.182,-71.786,34.6,3.1
2007-10-05T21:52:34.500Z,-32.644,-71.089,4.5,2.6
2007-10-04T21:42:34.000Z,-30.9,-71.645,10,2.8
2007-10-04T17:24:55.700Z,-31.538,-71.45,15,2.6
2007-10-04T12:12:09.900Z,-32.117,-71.716,22.3,3
2007-10-04T03:06:42.300Z,-32.245,-71.37,43.8,3.7
2007-10-03T21:57:46.800Z,-31.723,-70.564,5.8,2.8
2007-10-03T02:25:03.600Z,-30.301,-71.498,43.2,4.5
2007-10-02T16:07:15.650Z,-29.567,-72.106,10,3.5
2007-10-02T01:23:18.500Z,-32.62,-71.765,23.6,2.9
2007-10-01T08:50:18.300Z,-32.425,-71.468,36.2,3.2
2007-10-01T01:06:36.000Z,-29.598,-71.213,46,2.5
2007-09-30T05:47:33.800Z,-32.65,-71.636,30.4,3.4
2007-09-29T19:51:42.300Z,-32.498,-71.737,27.8,2.8
2007-09-29T14:25:55.100Z,-30.732,-71.595,32.8,3.1
2007-09-29T00:46:04.700Z,-29.53,-71.533,14.2,3.3
2007-09-28T20:36:44.000Z,-32.256,-71.586,57.4,3.2
2007-09-28T10:00:32.600Z,-30.018,-71.655,35.5,3.7
2007-09-28T07:27:14.400Z,-30.55,-71.374,14,4
2007-09-28T01:44:35.100Z,-31.124,-72.178,38.1,3.7
2007-09-27T03:07:28.800Z,-30.736,-71.648,18.2,3.1
2007-09-25T19:49:51.300Z,-32.966,-72.091,15.3,3.2
2007-09-24T22:37:54.400Z,-31.729,-70.56,13.2,2.6
2007-09-23T22:03:29.700Z,-32.676,-71.1,0.5,2.7
2007-09-21T09:36:48.100Z,-32.217,-71.68,30.2,2.5
2007-09-20T09:24:31.300Z,-32.483,-71.856,10.4,3.8
2007-09-19T11:15:31.900Z,-31.371,-71.328,46.5,4
2007-09-18T21:22:30.800Z,-32.115,-71.389,47,2.9
2007-09-18T10:32:53.300Z,-32.492,-71.347,48.4,3.2
2007-09-17T01:32:02.600Z,-31.559,-72.051,30.5,3.7
2007-09-16T14:57:48.700Z,-31.684,-72.065,19.2,2.9
2007-09-15T19:16:38.800Z,-32.842,-69.023,1.4,4.1
2007-09-15T01:45:21.600Z,-30.207,-69.445,3.4,3.6
2007-09-14T21:50:54.300Z,-32.4,-71.667,31.4,2.7
2007-09-14T12:30:15.700Z,-32.59,-71.935,10.2,2.6
2007-09-14T09:51:01.800Z,-29.041,-71.527,15,2.6
2007-09-13T09:13:23.400Z,-32.674,-71.574,36.9,3.4
2007-09-13T08:47:45.700Z,-32.556,-71.823,26.3,3.4
2007-09-12T09:34:25.700Z,-29.966,-71.477,35.4,2.9
2007-09-11T18:28:43.600Z,-29.733,-72.042,3.1,2.7
2007-09-11T18:15:06.200Z,-30.518,-71.391,11.2,3.7
2007-09-10T10:31:40.100Z,-32.704,-71.791,15,3.5
2007-09-10T04:57:23.800Z,-30.719,-71.654,21.9,3.8
2007-09-09T03:29:00.400Z,-30.484,-71.36,9,3.2
2007-09-08T04:41:14.400Z,-31.523,-71.678,30.5,2.5
2007-09-07T01:25:41.800Z,-30.911,-71.368,56.9,2.9
2007-09-06T08:32:37.200Z,-32.39,-71.616,49,2.9
2007-09-06T06:25:00.700Z,-29.992,-71.695,37,4.7
2007-09-06T06:19:23.700Z,-30.004,-71.68,37.9,3.8
2007-09-05T01:50:40.000Z,-32.461,-71.6,44.1,3.4
2007-09-04T18:36:04.500Z,-31.264,-71.725,14.8,3.1
2007-09-04T18:19:36.970Z,-31.184,-71.805,30.4,4.4
2007-09-04T16:12:00.000Z,-31.243,-71.808,15,3
2007-09-04T03:36:52.100Z,-30.85,-71.693,20,3.7
2007-09-03T21:09:31.500Z,-32.135,-71.32,40.2,4.2
2007-09-03T17:38:43.000Z,-29.974,-71.653,39.7,4.2
2007-09-02T21:28:23.900Z,-31.706,-70.595,3.3,2.6
2007-09-02T17:19:36.300Z,-32.885,-71.218,49.2,3.2
2007-09-02T07:39:46.600Z,-31.686,-71.625,34.5,4.8
2007-09-01T04:27:03.000Z,-32.581,-71.787,15.5,3.1
2007-08-31T11:21:44.200Z,-32.473,-71.698,13.5,2.6
2007-08-31T01:59:35.600Z,-30.754,-71.733,35.4,3.6
2007-08-29T18:50:42.200Z,-32.76,-71.787,42.3,3.5
2007-08-26T12:09:33.200Z,-32.734,-71.685,27.6,2.5
2007-08-26T11:49:35.700Z,-32.715,-71.724,23.6,3.4
2007-08-26T10:18:52.100Z,-32.839,-71.196,35.5,3.4
2007-08-26T09:27:41.600Z,-32.745,-71.805,23.5,2.7
2007-08-26T08:46:46.200Z,-30.928,-71.55,38.5,2.9
2007-08-25T06:51:01.200Z,-31.799,-72.061,24.3,3.6
2007-08-24T12:21:12.000Z,-32.187,-71.639,6.6,2.6
2007-08-23T14:26:36.600Z,-32.189,-71.619,0,2.8
2007-08-23T10:49:22.500Z,-31.745,-71.493,38.3,4.7
2007-08-23T05:28:33.100Z,-32.384,-72.151,34.1,2.9
2007-08-19T16:29:08.600Z,-32.522,-71.687,12,2.6
2007-08-18T18:58:23.500Z,-30.616,-71.681,21.9,2.8
2007-08-17T12:25:50.700Z,-32.693,-71.695,2.6,2.9
2007-08-16T15:06:45.300Z,-32.444,-72.109,0.7,2.8
2007-08-16T11:44:29.900Z,-32.411,-72.015,0,3
2007-08-16T10:36:11.300Z,-32.726,-71.707,27.9,3.5
2007-08-16T09:54:26.600Z,-32.447,-71.486,19.6,2.5
2007-08-15T11:05:20.800Z,-29.886,-71.412,51.8,3.8
2007-08-14T00:06:25.400Z,-31.418,-70.854,33.1,2.8
2007-08-13T12:03:44.300Z,-32.95,-71.232,51.8,3.1
2007-08-13T05:17:37.700Z,-29.344,-71.11,45,2.5
2007-08-12T21:42:40.300Z,-32.436,-71.345,44.6,3.7
2007-08-12T19:12:50.800Z,-32.464,-71.695,15,2.5
2007-08-12T15:36:13.480Z,-32.495,-71.874,10,3.8
2007-08-12T15:27:09.300Z,-32.346,-71.537,42.8,3.6
2007-08-12T08:49:18.900Z,-32.118,-71.805,27.9,2.5
2007-08-12T05:45:27.500Z,-31.01,-71.576,55,3.5
2007-08-11T07:20:45.000Z,-32.841,-71.924,15,3.4
2007-08-11T02:36:20.500Z,-31.179,-69.341,9.3,2.9
2007-08-11T00:59:24.200Z,-31.435,-71.724,31.8,2.7
2007-08-10T22:24:38.000Z,-31.71,-71.003,9.2,2.6
2007-08-09T16:11:52.800Z,-32.502,-71.713,25.7,3.4
2007-08-09T03:02:37.400Z,-32.475,-71.69,27.8,2.5
2007-08-08T19:21:58.300Z,-32.493,-71.726,35.6,4
2007-08-08T18:09:40.500Z,-32.492,-71.685,24.9,3.5
2007-08-08T14:33:39.200Z,-32.504,-71.725,15,2.7
2007-08-08T14:28:13.900Z,-32.488,-71.704,27.5,3.2
2007-08-08T14:17:41.200Z,-32.501,-71.751,26.3,4.7
2007-08-08T14:14:20.030Z,-32.475,-71.6,32.7,5.3
2007-08-08T07:23:06.700Z,-32.059,-71.678,32.8,2.5
2007-08-08T06:25:49.000Z,-32.053,-71.691,36.8,3.9
2007-08-07T23:33:08.500Z,-32.893,-71.417,45.7,3.3
2007-08-06T03:22:24.600Z,-30.913,-71.841,5.5,2.8
2007-08-05T10:39:28.500Z,-32.092,-71.866,21,2.6
2007-08-04T10:37:52.700Z,-32.681,-71.513,1.2,3.1
2007-08-04T03:45:11.500Z,-32.251,-71.716,11.3,3.3
2007-08-03T21:20:29.100Z,-31.639,-70.673,37.9,2.7
2007-08-03T19:02:51.600Z,-32.613,-71.782,34.3,2.6
2007-08-03T05:25:27.100Z,-29.28,-71.373,36.7,3.4
2007-08-02T22:31:45.600Z,-32.993,-71.913,1.2,3
2007-08-02T10:16:58.000Z,-32.436,-71.318,14.8,2.7
2007-08-02T04:41:03.300Z,-31.481,-71.639,27.2,3.5
2007-08-01T13:54:34.600Z,-30.867,-71.653,33.9,2.6
2007-08-01T02:45:48.400Z,-31.689,-71.607,32,4
2007-07-31T21:32:42.700Z,-29.97,-72.048,8,3.4
2007-07-31T09:03:03.900Z,-31.725,-71.909,27,3
2007-07-31T08:01:42.000Z,-32.665,-71.787,29.5,2.6
2007-07-30T15:37:25.780Z,-30.623,-71.309,42.3,4.2
2007-07-29T19:31:02.700Z,-30.364,-71.567,40.7,3.8
2007-07-29T07:52:39.600Z,-32.297,-71.759,5.1,2.5
2007-07-28T23:29:35.400Z,-29.041,-71.348,50,3.8
2007-07-28T18:39:33.500Z,-32.863,-70.865,12.8,3.5
2007-07-28T16:36:28.800Z,-32.865,-70.884,13,3.2
2007-07-28T02:34:25.300Z,-32.687,-71.578,21.9,2.5
2007-07-28T00:44:56.800Z,-32.628,-71.71,3.7,2.8
2007-07-27T22:50:45.900Z,-30.393,-71.587,25.2,3.2
2007-07-27T05:23:04.600Z,-32.53,-71.724,15,2.5
2007-07-26T21:49:59.100Z,-30.405,-71.613,31.2,4.5
2007-07-26T20:46:53.600Z,-32.397,-71.326,46.1,3.5
2007-07-23T07:56:26.700Z,-32.655,-71.769,15,2.6
2007-07-22T02:04:27.500Z,-29.181,-71.233,56.1,3.9
2007-07-21T20:40:57.600Z,-32.145,-71.685,51.2,3.5
2007-07-21T19:24:09.000Z,-30.232,-72.09,41.3,4
2007-07-21T07:40:03.300Z,-30.881,-71.705,28.6,2.6
2007-07-21T06:44:51.800Z,-31.698,-71.325,0,2.6
2007-07-20T02:59:21.300Z,-32.647,-71.665,8.8,2.5
2007-07-20T02:57:26.100Z,-32.663,-71.732,20.3,3.6
2007-07-19T11:16:08.700Z,-31.808,-70.055,34.1,2.6
2007-07-18T20:50:24.000Z,-32.66,-70.985,4.9,2.5
2007-07-18T03:57:27.700Z,-29.457,-71.038,58.7,3.7
2007-07-18T00:41:11.400Z,-32.116,-71.627,30.2,3.5
2007-07-16T20:00:52.700Z,-30.037,-71.463,37.8,3.7
2007-07-16T06:53:39.400Z,-31.458,-71.959,5.5,3.5
2007-07-15T21:49:27.600Z,-31.533,-71.391,31.2,3.1
2007-07-15T09:48:03.700Z,-32.212,-71.744,32,3.4
2007-07-15T04:57:46.200Z,-30.709,-71.541,24.3,2.6
2007-07-13T05:30:31.300Z,-32.404,-71.407,15.2,3.3
2007-07-13T00:08:59.900Z,-32.254,-71.696,1.2,2.8
2007-07-12T20:47:37.760Z,-30.838,-71.361,59.2,5
2007-07-12T04:11:30.000Z,-32.418,-71.383,15.1,2.7
2007-07-11T13:50:17.600Z,-32.019,-71.55,30,2.6
2007-07-09T20:34:15.600Z,-29.776,-71.72,45.9,3.1
2007-07-09T19:30:58.700Z,-32.335,-71.923,8.3,2.6
2007-07-09T08:16:18.700Z,-30.396,-71.559,31.6,3.2
2007-07-08T18:03:23.000Z,-32.618,-71.518,30.5,2.8
2007-07-08T09:37:37.200Z,-32.216,-71.098,50.7,2.5
2007-07-08T00:53:06.900Z,-29.747,-71.166,46.4,3
2007-07-07T15:06:44.100Z,-32.776,-72.761,47,3.5
2007-07-06T23:24:39.500Z,-30.67,-71.56,44.3,2.8
2007-07-06T10:40:40.600Z,-29.722,-71.284,48.7,2.8
2007-07-06T09:06:00.900Z,-32.468,-71.763,15.6,2.7
2007-07-05T19:25:49.000Z,-30.35,-71.458,44.7,4.8
2007-07-04T17:54:04.000Z,-31.467,-71.68,26.7,2.9
2007-07-02T12:45:45.400Z,-31.653,-72.065,28.1,3.3
2007-07-02T04:22:31.900Z,-29.526,-71.057,47,3.6
2007-07-01T02:13:08.500Z,-32.535,-72.019,11.9,2.8
2007-06-28T15:23:12.730Z,-30.165,-71.66,40,4.5
2007-06-26T04:16:22.900Z,-32.262,-71.961,25.4,2.6
2007-06-25T10:14:36.100Z,-32.118,-71.746,24.2,2.8
2007-06-25T07:13:25.700Z,-30.668,-71.53,28.4,2.7
2007-06-24T14:25:37.600Z,-31.457,-71.616,31.6,2.8
2007-06-23T13:35:47.200Z,-30.93,-71.559,30.6,3.4
2007-06-23T09:11:05.700Z,-30.849,-71.31,59.8,2.9
2007-06-22T00:28:25.600Z,-30.791,-71.284,49.5,4.2
2007-06-21T15:30:30.000Z,-31.702,-71.624,29.8,3.1
2007-06-21T09:54:54.000Z,-31.755,-71.157,45,5.1
2007-06-21T09:52:42.800Z,-31.728,-71.072,42.8,3.6
2007-06-20T03:50:39.300Z,-31.441,-71.778,47.3,4.2
2007-06-20T02:19:44.000Z,-29.492,-71.747,43.5,4.2
2007-06-14T23:25:17.200Z,-30.391,-71.466,24.6,3.3
2007-06-14T22:57:08.100Z,-32.302,-71.399,41.4,4
2007-06-14T13:09:39.500Z,-32.593,-71.793,15,3.1
2007-06-13T23:59:47.600Z,-32.571,-72.005,22.2,3.1
2007-06-13T17:15:57.200Z,-32.16,-71.549,42.7,4.1
2007-06-13T17:10:47.100Z,-32.621,-71.628,5.5,2.5
2007-06-13T09:46:45.900Z,-32.178,-71.731,24.5,2.9
2007-06-08T18:35:29.200Z,-29.531,-70.779,32.6,3.2
2007-06-08T17:31:48.500Z,-29.666,-70.696,5,3.5
2007-06-07T01:03:03.600Z,-31.693,-72.088,15.3,2.8
2007-06-07T00:20:36.600Z,-32.989,-71.008,59.1,3.2
2007-06-06T19:46:19.300Z,-31.417,-71.708,29.5,3
2007-06-06T10:53:25.800Z,-31.523,-71.663,30.6,3.9
2007-06-06T07:15:43.300Z,-32.448,-71.832,21.8,2.8
2007-06-05T06:42:12.100Z,-32.156,-71.835,35.8,4.1
2007-06-05T03:24:25.900Z,-32.144,-71.857,35,3.5
2007-06-03T12:16:49.000Z,-32.587,-71.703,15.5,3.3
2007-05-31T11:57:27.400Z,-32.617,-71.582,44.8,3.4
2007-05-26T22:54:19.000Z,-32.768,-71.963,27.9,3.2
2007-05-26T00:08:22.800Z,-32.06,-71.388,36.8,4.7
2007-05-25T12:57:57.200Z,-31.318,-71.61,19.9,3.3
2007-05-25T09:54:51.400Z,-29.486,-72.572,46.9,4.1
2007-05-25T02:20:22.900Z,-30.68,-71.288,49.9,3.7
2007-05-24T11:19:50.600Z,-32.324,-71.407,40.4,3.7
2007-05-24T03:38:13.300Z,-32.544,-71.479,26.3,2.7
2007-05-23T12:19:55.300Z,-30.544,-71.619,29.4,4.4
2007-05-23T06:29:15.800Z,-29.618,-71.102,49.7,3.4
2007-05-21T19:19:11.800Z,-29.614,-70.832,28.5,4.1
2007-05-21T18:35:00.900Z,-31.708,-72.032,14,3.1
2007-05-21T18:17:24.400Z,-29.578,-71.214,51.4,4.2
2007-05-21T16:30:46.400Z,-29.559,-71.208,50.7,3.6
2007-05-21T14:14:51.500Z,-29.692,-71.254,50.2,3.7
2007-05-21T14:06:45.400Z,-31.633,-71.548,36.5,3.8
2007-05-21T02:54:57.400Z,-31.981,-71.275,32.7,2.6
2007-05-21T00:20:28.400Z,-29.622,-71.136,50.9,4.1
2007-05-20T23:36:47.500Z,-29.55,-71.132,46.8,3.1
2007-05-20T19:59:35.900Z,-29.605,-71.218,56.5,3.2
2007-05-20T19:41:34.900Z,-29.582,-71.093,51.7,4.5
2007-05-20T19:13:07.100Z,-29.56,-71.144,43.7,2.8
2007-05-20T14:30:05.700Z,-29.593,-71.219,55.8,3.3
2007-05-20T13:06:14.700Z,-29.559,-71.146,58.1,3.3
2007-05-20T12:44:29.300Z,-29.542,-71.179,50.6,2.9
2007-05-20T12:15:45.000Z,-29.588,-71.12,46.2,5.4
2007-05-20T10:06:45.300Z,-32.807,-71.233,53.6,3.7
2007-05-20T03:38:06.700Z,-30.923,-71.66,33.9,3.8
2007-05-20T02:35:07.600Z,-31.029,-71.309,47.8,3.9
2007-05-20T00:47:51.700Z,-32.475,-71.904,31.7,3
2007-05-19T05:02:13.400Z,-30.951,-71.692,15.6,3.2
2007-05-19T04:39:35.300Z,-30.932,-71.665,36.9,4.3
2007-05-18T19:59:02.400Z,-31.552,-71.376,46.5,4.1
2007-05-18T00:09:58.600Z,-31.354,-71.729,32.6,3.5
2007-05-17T05:56:14.700Z,-31.711,-71.554,58.2,3.4
2007-05-17T05:47:10.800Z,-31.883,-71.278,47,3.4
2007-05-17T01:13:05.100Z,-32.413,-71.42,15,2.7
2007-05-15T20:25:50.800Z,-29.984,-71.63,42.7,2.5
2007-05-15T06:12:47.100Z,-32.744,-71.75,29.7,3.1
2007-05-14T11:52:36.970Z,-30.623,-71.461,22,3.1
2007-05-14T06:59:50.900Z,-31.54,-71.711,30.1,2.7
2007-05-14T05:50:06.100Z,-32.663,-71.674,5.4,2.9
2007-05-13T23:11:44.100Z,-30.971,-71.726,20.2,2.6
2007-05-13T07:20:19.200Z,-31.634,-71.709,28.6,2.8
2007-05-12T23:02:52.800Z,-31.442,-71.656,32.6,2.7
2007-05-12T21:44:47.600Z,-31.466,-71.654,22.5,3.2
2007-05-12T08:18:17.100Z,-31.568,-71.582,38,3.7
2007-05-12T00:37:49.700Z,-32.615,-71.761,10.4,3
2007-05-11T14:26:41.300Z,-29.476,-71.105,48.9,4.2
2007-05-10T05:31:31.200Z,-32.618,-71.367,59,4.7
2007-05-10T02:10:08.800Z,-32.629,-71.554,15,2.6
2007-05-09T21:44:52.400Z,-32.397,-71.378,15.1,2.7
2007-05-09T05:35:49.000Z,-30.285,-69.435,1.4,4.1
2007-05-09T00:57:57.400Z,-31.759,-72.07,32.8,3.6
2007-05-08T23:44:33.000Z,-31.702,-71.947,31.6,3.2
2007-05-08T22:31:27.500Z,-31.705,-71.972,29.6,4.8
2007-05-08T22:17:34.000Z,-31.777,-71.945,30.9,4.4
2007-05-08T10:08:20.800Z,-31.699,-71.964,34.4,3.9
2007-05-08T10:04:45.800Z,-32.143,-71.787,22.8,3.7
2007-05-08T09:44:23.800Z,-31.944,-71.322,47,3.6
2007-05-08T06:28:40.200Z,-31.697,-71.936,34.2,3.5
2007-05-07T15:36:13.200Z,-31.731,-71.968,46.1,3.7
2007-05-07T05:22:18.400Z,-32.999,-72.133,8.6,2.7
2007-05-07T04:16:22.300Z,-30.556,-71.291,45,3.7
2007-05-07T00:06:11.700Z,-30.74,-71.672,25.5,3.3
2007-05-06T19:12:00.700Z,-31.647,-72.063,30.3,2.9
2007-05-06T15:34:50.500Z,-32.733,-71.004,58.7,3.7
2007-05-06T07:23:51.200Z,-31.66,-71.891,31.3,2.7
2007-05-06T05:08:44.500Z,-31.704,-72.053,8.5,3.4
2007-05-05T11:12:03.400Z,-29.821,-72.131,28.8,4.4
2007-05-05T06:47:34.900Z,-29.772,-71.384,50,4
2007-05-04T21:35:02.200Z,-31.708,-70.381,9.8,2.6
2007-05-03T20:33:08.000Z,-31.426,-69.613,2.2,3.7
2007-05-03T11:29:59.400Z,-32.85,-69.21,4.1,2.6
2007-05-03T02:19:15.200Z,-30.625,-71.142,44,4.1
2007-05-02T12:25:33.200Z,-30.21,-71.512,35.7,3
2007-05-02T04:31:51.300Z,-30.936,-72.025,25.8,3.1
2007-05-01T23:38:53.600Z,-32.361,-71.523,15,2.6
2007-05-01T23:33:19.600Z,-32.388,-71.52,16.4,3.5
2007-05-01T18:20:52.200Z,-29.01,-71.384,18.2,3.7
2007-05-01T03:49:31.900Z,-31.947,-71.459,25.7,2.6
2007-05-01T02:15:11.200Z,-31.204,-71.725,28.6,3.8
2007-05-01T00:58:14.200Z,-32.896,-69.056,11.3,3.5
2007-04-30T15:53:17.400Z,-32.39,-71.499,22.2,2.8
2007-04-30T10:18:04.800Z,-32.343,-71.435,33.5,3.3
2007-04-30T09:12:44.800Z,-32.683,-71.612,5,3.2
2007-04-29T17:52:57.100Z,-31.505,-71.7,23.9,3.7
2007-04-28T16:07:07.300Z,-30.192,-71.428,55.3,3.2
2007-04-27T05:47:21.400Z,-31.693,-70.614,3,3.3
2007-04-27T02:56:22.500Z,-31.603,-72.26,33.4,3.8
2007-04-27T00:35:34.400Z,-31.759,-72.206,25,4.3
2007-04-26T21:15:23.800Z,-31.705,-70.457,9.2,2.5
2007-04-26T16:45:43.900Z,-31.672,-71.872,5,4.4
2007-04-26T09:34:17.050Z,-31.503,-71.67,45.2,4.8
2007-04-25T01:29:20.300Z,-29.269,-71.225,43.4,3.2
2007-04-24T17:25:20.400Z,-30.427,-71.624,30.7,3.1
2007-04-24T10:52:14.000Z,-31.632,-72.101,31.2,3.1
2007-04-24T10:47:38.900Z,-31.731,-72.108,24.5,2.9
2007-04-23T17:15:13.200Z,-32.227,-71.808,1.6,3
2007-04-23T06:30:25.400Z,-31.659,-72.066,31.2,3.8
2007-04-22T23:09:35.000Z,-31.596,-71.769,33.8,3.1
2007-04-22T13:49:19.200Z,-32.419,-71.409,18.3,2.6
2007-04-22T10:22:02.200Z,-32.388,-71.448,25.6,5.3
2007-04-22T08:28:08.300Z,-29.487,-71.563,37,2.9
2007-04-22T06:05:28.540Z,-31.526,-71.862,29.9,5.1
2007-04-21T11:25:18.200Z,-32.237,-69.952,18.6,3.5
2007-04-21T04:08:20.900Z,-31.709,-72.073,30.3,3.6
2007-04-20T03:54:06.400Z,-31.632,-72.022,29.8,3.1
2007-04-19T09:13:48.900Z,-29.702,-71.286,47.1,3.2
2007-04-18T05:31:45.700Z,-30.367,-72.031,21.5,3.1
2007-04-18T03:40:43.400Z,-30.876,-71.722,6.9,2.8
2007-04-17T02:15:04.100Z,-31.645,-72.044,26.1,3.1
2007-04-16T16:53:02.300Z,-31.655,-72.17,17.5,3.7
2007-04-16T10:36:45.400Z,-31.716,-71.981,31.4,2.8
2007-04-16T10:10:38.200Z,-31.696,-72.122,20.1,3.7
2007-04-16T09:31:51.600Z,-31.786,-72.135,21.3,3.8
2007-04-16T08:33:02.000Z,-31.72,-72.115,22.6,3.8
2007-04-16T08:21:52.300Z,-31.681,-72.029,35.5,4.1
2007-04-14T19:42:46.000Z,-30.623,-72.08,22.8,2.9
2007-04-14T03:50:52.700Z,-30.702,-71.231,45.3,4.1
2007-04-14T02:36:46.100Z,-30.974,-71.259,51.7,3.1
2007-04-14T02:31:41.000Z,-30.953,-71.347,55.9,4
2007-04-12T10:52:46.600Z,-30.206,-71.516,30.5,2.8
2007-04-11T06:28:17.200Z,-29.29,-71.198,57.1,2.8
2007-04-11T00:24:00.200Z,-31.626,-72.038,31.6,3.1
2007-04-10T19:07:07.200Z,-31.611,-72.025,4.1,3.1
2007-04-10T17:33:11.600Z,-31.678,-71.98,33.1,3.3
2007-04-10T12:08:29.700Z,-32.659,-71.982,41.6,3.5
2007-04-10T11:24:56.100Z,-32.127,-71.803,22.3,3.6
2007-04-10T08:34:58.000Z,-32.125,-71.793,22.4,3.6
2007-04-10T05:58:37.500Z,-32.176,-71.758,8.7,3.3
2007-04-10T05:44:41.000Z,-32.146,-71.774,9.3,2.7
2007-04-09T19:01:24.130Z,-30.881,-72.049,22.8,4.7
2007-04-09T16:57:55.000Z,-30.838,-71.976,36.8,4.5
2007-04-09T04:26:39.900Z,-31.732,-71.547,37.9,3
2007-04-08T04:13:12.200Z,-31.722,-72.061,32.3,2.9
2007-04-08T03:27:21.800Z,-32.662,-71.764,22.8,3
2007-04-08T03:11:23.000Z,-32.655,-71.458,27.1,2.6
2007-04-08T02:01:08.000Z,-30.644,-70.579,3.2,3
2007-04-07T18:20:05.140Z,-31.695,-71.995,27.2,4.7
2007-04-06T23:00:09.300Z,-30.757,-71.558,28.5,3.3
2007-04-06T22:00:05.140Z,-31.608,-72.579,10,3.3
2007-04-06T16:04:40.980Z,-31.672,-71.951,9.4,4
2007-04-06T11:34:21.100Z,-31.714,-71.976,29.6,3.2
2007-04-05T07:07:41.100Z,-31.65,-72.094,23.9,4.3
2007-04-04T12:24:47.400Z,-32.717,-71.777,26,2.9
2007-04-04T08:50:10.200Z,-32.664,-71.663,30.5,3.3
2007-04-03T21:15:47.000Z,-32.751,-71.889,30.4,2.6
2007-04-03T02:46:43.400Z,-31.714,-72.14,9.2,3.5
2007-04-02T20:54:17.500Z,-32.656,-71.095,5.4,3.3
2007-04-02T20:19:56.300Z,-31.571,-71.812,8.6,3
2007-04-01T22:52:43.600Z,-30.188,-71.556,15,2.9
2007-04-01T21:02:19.200Z,-31.637,-71.917,26.2,3.9
2007-04-01T16:50:37.100Z,-31.613,-71.837,27.2,3.9
2007-04-01T13:40:31.600Z,-31.988,-71.554,59.4,3.6
2007-04-01T01:38:11.000Z,-31.642,-71.88,30.6,2.7
2007-03-31T23:54:29.200Z,-32.096,-71.792,15,2.7
2007-03-31T13:26:07.300Z,-31.969,-71.611,30.3,3.2
2007-03-31T12:25:17.900Z,-31.578,-71.791,33.7,3.4
2007-03-31T11:01:29.900Z,-31.579,-71.992,9,3.3
2007-03-31T10:55:27.700Z,-31.655,-71.862,37.7,3.7
2007-03-31T09:25:24.900Z,-31.57,-72.083,30.5,4.5
2007-03-31T08:02:33.700Z,-31.637,-71.89,30.2,2.9
2007-03-31T07:52:56.100Z,-31.691,-71.956,33.1,3.1
2007-03-31T00:48:08.000Z,-31.669,-71.91,33,3.1
2007-03-31T00:23:00.900Z,-31.699,-71.848,32.5,3.6
2007-03-30T22:34:14.100Z,-31.679,-71.923,25.7,3.3
2007-03-30T18:41:04.600Z,-31.641,-72.068,23.9,3.3
2007-03-30T18:36:19.100Z,-31.661,-71.939,40.4,3.2
2007-03-30T18:07:55.100Z,-31.596,-72.016,33,3.6
2007-03-30T16:44:42.000Z,-31.675,-71.882,34.3,3
2007-03-30T16:33:52.700Z,-31.642,-71.911,25.3,4.1
2007-03-30T16:02:12.840Z,-31.577,-72.092,10,4.9
2007-03-30T14:24:03.400Z,-31.597,-72.042,32.4,3.5
2007-03-30T08:48:30.700Z,-31.68,-71.911,31.5,3.7
2007-03-30T06:43:50.900Z,-32.697,-71.7,29.7,2.9
2007-03-30T06:42:43.500Z,-31.68,-71.869,34.9,3.1
2007-03-30T06:13:14.300Z,-31.743,-71.853,30.6,3.7
2007-03-30T03:45:08.700Z,-31.706,-71.892,20.4,3.8
2007-03-30T03:08:42.200Z,-31.662,-71.905,31.4,4.5
2007-03-30T02:57:50.000Z,-31.651,-71.962,27,4.6
2007-03-29T22:09:15.500Z,-31.581,-71.969,18.1,3
2007-03-29T20:33:29.100Z,-31.658,-71.8,8.4,3.4
2007-03-29T20:21:10.900Z,-31.616,-71.913,15.4,3.3
2007-03-29T20:18:53.200Z,-31.614,-71.955,24.8,3.3
2007-03-29T19:21:54.300Z,-31.627,-71.95,4.4,3.2
2007-03-29T18:31:58.200Z,-31.582,-71.901,29.1,5
2007-03-29T18:22:46.740Z,-31.558,-72.003,18.2,4.8
2007-03-29T18:08:20.400Z,-31.619,-71.853,33.1,3.8
2007-03-29T17:46:20.750Z,-31.566,-72.075,4,5.3
2007-03-29T17:28:04.400Z,-31.601,-71.833,31.7,4.1
2007-03-29T17:18:06.200Z,-31.634,-72.006,19.6,3.9
2007-03-29T17:09:07.050Z,-31.604,-71.708,33.9,5.8
2007-03-29T15:43:31.400Z,-31.633,-71.913,30.7,3.2
2007-03-29T15:22:56.500Z,-31.623,-71.902,28.5,3
2007-03-29T15:12:55.700Z,-31.611,-71.883,34.3,2.8
2007-03-29T14:40:44.070Z,-31.591,-71.837,25.1,5.6
2007-03-29T13:14:31.200Z,-31.931,-71.342,41.6,2.5
2007-03-28T10:19:58.300Z,-32.284,-71.602,57.7,3.7
2007-03-27T05:23:34.500Z,-32.386,-71.473,59.7,3.4
2007-03-26T07:10:13.700Z,-30.781,-71.374,47,2.7
2007-03-25T18:43:37.800Z,-31.856,-69.445,8.3,3.3
2007-03-24T10:14:39.560Z,-31.907,-71.591,53.8,4.5
2007-03-23T20:38:14.700Z,-32.558,-71.041,10.6,2.7
2007-03-22T02:53:54.400Z,-30.134,-71.561,46.6,2.8
2007-03-21T20:55:01.500Z,-32.691,-71.706,30.1,2.6
2007-03-21T20:37:56.900Z,-30.518,-72.192,18.2,3.2
2007-03-20T08:39:01.100Z,-32.65,-71.556,13.9,2.7
2007-03-18T22:52:29.300Z,-32.231,-71.586,2.1,2.9
2007-03-18T06:42:54.300Z,-30.849,-71.679,11.9,2.6
2007-03-18T03:42:34.100Z,-30.882,-71.395,56.2,3.1
2007-03-17T11:19:34.800Z,-32.724,-71.515,31.6,3
2007-03-16T23:16:43.400Z,-32.042,-71.461,19.7,3.1
2007-03-16T22:42:03.500Z,-30.861,-71.259,44.3,3.5
2007-03-16T20:05:53.500Z,-32.222,-71.514,3.5,2.9
2007-03-16T15:26:00.200Z,-32.748,-71.88,29.1,2.5
2007-03-16T09:53:48.500Z,-32.671,-71.651,15,3.1
2007-03-14T17:36:25.900Z,-32.253,-71.699,23.8,2.9
2007-03-12T02:09:49.500Z,-32.276,-71.161,49.5,3.5
2007-03-11T01:47:06.200Z,-31.17,-69.452,4.1,3.1
2007-03-11T00:27:12.500Z,-32.411,-71.396,41.7,4.1
2007-03-04T15:57:50.000Z,-29.694,-71.84,15,3.5
2007-03-02T13:07:31.320Z,-30.882,-71.193,48.3,5.4
2007-02-28T05:22:35.600Z,-29.745,-72.034,3.3,3.7
2007-02-27T13:41:44.200Z,-31.017,-71.355,43.1,3.9
2007-02-26T15:22:58.200Z,-30.912,-71.381,55.4,3.4
2007-02-26T02:53:10.600Z,-32.325,-71.931,45.2,3.9
2007-02-25T15:59:19.700Z,-32.808,-71.147,52.5,4
2007-02-25T09:24:05.600Z,-32.482,-71.643,30.5,3.4
2007-02-25T07:56:07.700Z,-31.566,-71.747,7.5,3.2
2007-02-22T01:55:34.800Z,-32.178,-71.627,43.5,4.6
2007-02-21T03:42:07.600Z,-31.145,-71.668,13.3,3.3
2007-02-20T23:24:18.300Z,-31.157,-71.655,36.6,3.8
2007-02-20T23:11:24.300Z,-31.22,-71.758,15,4.6
2007-02-19T06:14:15.300Z,-32.767,-71.874,27.6,3.7
2007-02-18T15:40:07.900Z,-32.638,-71.073,13.5,2.7
2007-02-18T14:56:49.700Z,-30.619,-70.886,52.6,4.1
2007-02-16T05:05:57.800Z,-32.596,-71.839,27.6,2.5
2007-02-14T07:34:14.400Z,-30.854,-72.243,26.7,3.4
2007-02-11T21:44:07.400Z,-31.587,-71.688,29,2.7
2007-02-10T19:14:03.900Z,-32.013,-71.46,38.3,4
2007-02-09T07:14:49.300Z,-30.507,-71.243,43.4,4.1
2007-02-08T22:14:59.800Z,-30.734,-71.258,43.3,4
2007-02-07T14:47:50.700Z,-32.685,-71.585,6.8,2.5
2007-02-06T03:26:00.200Z,-32.661,-71.788,26.5,2.9
2007-02-04T17:49:03.000Z,-32.559,-71.67,11.3,2.5
2007-02-04T10:56:14.000Z,-32.293,-71.397,54.1,4.1
2007-02-04T07:40:45.000Z,-30.988,-71.732,5,2.7
2007-02-02T20:37:24.900Z,-29.88,-71.59,33,3.8
2007-02-01T23:11:46.000Z,-32.264,-71.855,30.2,2.9
2007-02-01T05:56:41.200Z,-32.755,-71.8,24.9,3
2007-02-01T02:03:21.600Z,-32.642,-71.893,17.4,2.6
2007-01-30T01:25:57.500Z,-32.584,-71.713,36.8,3.7
2007-01-29T11:34:01.900Z,-30.905,-71.524,36.5,3.4
2007-01-27T16:19:44.200Z,-32.698,-71.57,53.6,3.3
2007-01-24T19:26:37.100Z,-32.857,-72.352,23.5,2.7
2007-01-24T05:54:38.200Z,-31.446,-71.718,26.3,2.6
2007-01-23T04:53:12.600Z,-30.33,-69.445,14.2,3
2007-01-22T04:48:16.600Z,-31.958,-71.565,24,2.5
2007-01-19T23:59:20.800Z,-32.674,-71.426,10.4,2.5
2007-01-19T23:19:29.900Z,-30.77,-71.715,10.6,3.1
2007-01-18T19:21:09.500Z,-30.93,-71.647,33.3,3.7
2007-01-17T09:14:10.500Z,-30.882,-71.991,32.5,3
2007-01-16T18:03:57.100Z,-31.342,-71.675,28.7,2.9
2007-01-16T08:19:55.300Z,-30.96,-71.673,10.7,2.7
2007-01-16T07:14:21.900Z,-30.968,-71.667,27.6,3.4
2007-01-16T04:49:42.100Z,-32.615,-71.814,15,3.3
2007-01-15T07:04:46.300Z,-30.853,-71.292,57.6,4.2
2007-01-15T04:35:13.200Z,-32.51,-71.499,43.3,3.6
2007-01-15T04:15:09.400Z,-30.925,-71.59,34.1,2.7
2007-01-14T22:54:54.000Z,-30.916,-71.553,35,2.8
2007-01-14T02:51:32.700Z,-32.637,-71.626,18.8,2.5
2007-01-12T04:57:30.300Z,-31.773,-71.582,39.2,3.9
2007-01-12T03:05:38.900Z,-29.733,-72.141,2.6,4.1
2007-01-12T02:35:16.200Z,-29.449,-71.74,45,3.4
2007-01-11T07:32:47.800Z,-30.903,-71.733,37.8,4
2007-01-11T06:50:12.100Z,-30.894,-71.981,33.6,3.3
2007-01-11T06:42:01.700Z,-30.869,-72.032,33.9,4.5
2007-01-11T06:38:57.900Z,-30.866,-71.975,34.5,4
2007-01-11T06:10:03.900Z,-30.864,-72.09,12.7,4.7
2007-01-11T05:48:13.000Z,-30.952,-71.693,5.8,3.6
2007-01-11T04:30:42.500Z,-32.891,-72.453,21.1,2.7
2007-01-10T22:29:19.600Z,-30.889,-71.949,33.9,4.6
2007-01-10T01:25:58.000Z,-32.218,-71.599,45.2,3.6
2007-01-10T01:20:55.900Z,-32.73,-71.821,39.6,3.3
2007-01-09T17:20:18.600Z,-31.767,-72.175,10.2,3.8
2007-01-09T11:41:35.900Z,-32.482,-71.524,30.3,2.6
2007-01-09T08:55:33.300Z,-30.892,-72.009,18.5,3.1
2007-01-08T12:00:14.200Z,-31.615,-71.683,33.6,3.3
2007-01-08T04:13:27.500Z,-31.797,-72.046,4.3,3.1
2007-01-07T09:14:00.900Z,-31.957,-71.357,45,3.3
2007-01-07T00:25:54.000Z,-32.712,-71.247,47.1,3.8
2007-01-06T01:58:48.000Z,-30.905,-71.151,46.3,3.5
2007-01-05T14:21:57.500Z,-31.478,-71.671,21.8,2.8
2007-01-04T14:40:15.900Z,-32.188,-71.756,18.7,3.2
2007-01-04T06:43:47.100Z,-31.874,-72.142,35.7,4.3
2007-01-03T01:36:31.800Z,-29.032,-71.231,41.8,3.2
2007-01-01T19:55:27.700Z,-29.441,-71.255,49,4.1
2007-01-01T03:12:05.600Z,-30.314,-71.481,44.2,3.2
2007-01-01T02:33:09.600Z,-30.682,-71.466,29.8,2.6